>NR_145819_____1|4607|diff,0.8413447460685429,-6.50,(((((.......))).)).((((((......))).)))..,GGGCATTCGTATTGCGCCGCTAGAGGTGAAATTCTTGGAC
>NR_146117_____1|4612|diff,0.8413447460685429,-5.50,....((((.(((.((((......)))).)))...))))..,GGCATTCGTATTGCGCCGCTAGAGGTGAAATTCTTGGACC
>NR_146118_____1|2853|same,0.15865525393145707,-7.60,.....((((...(((..((((....)))).)))...)))),AATGTAGGTAAGGGAAGTCGGCAAGCCGGATCCGTAACTT
>NR_146144_____1|10743|same,0.8413447460685429,-7.60,.....((((...(((..((((....)))).)))...)))),AATGTAGGTAAGGGAAGTCGGCAAGCCGGATCCGTAACTT
>NR_145819_____1|10787|same,0.8413447460685424,-6.40,........((((....))))..(((......)))......,AAGGGAAGTCGGCAAGCCGGATCCGTAACTTCGGGATAAG
>ENST00000544983_____1|127|same,0.15865525393145707,-11.40,..(((((.....)))))....((((......)))).....,GCGGGCCGTGTAGGTCCCCCTTCCTATGATGAGGACCTTT
>NR_146154_____1|3573|same,0.15865525393145663,-16.50,.((((((((..((....)).))))))..))..........,CGCGGCGCCTCGCCTCGGCCGGCGCCTAGCAGCCGACTTA
>NR_145819_____1|4905|same,0.15865525393145696,-6.20,......................((((........))))..,TGCGGCTTAATTTGACTCAACACGGGAAACCTCACCCGGC
>NR_145822_____1|3588|same,0.15865525393145719,-15.60,((((((..((....)).)))))).................,GGCGCCTCGCCTCGGCCGGCGCCTAGCAGCCGACTTAGAA
>NR_146118_____1|3598|same,0.15865525393145602,-15.60,((((((..((....)).)))))).................,GGCGCCTCGCCTCGGCCGGCGCCTAGCAGCCGACTTAGAA
>NR_046235_____3|11514|same,0.8413447460685426,-15.80,.((((((..((....)).))))))................,CGGCGCCTCGCCTCGGCCGGCGCCTAGCAGCCGACTTAGA
>NR_146148_____1|3577|same,0.15865525393145746,-12.10,(((((..((....)).)))))((((........))))...,GCGCCTCGCCTCGGCCGGCGCCTAGCAGCCGACTTAGAAC
>NR_146151_____1|9619|same,0.8413447460685428,-3.10,......(((((((...))))))).................,CACGCAGTTTTATCCGGTAAAGCGAATGATTAGAGGTCTT
>NR_146151_____1|11468|same,0.15865525393145707,-12.10,(((((..((....)).)))))((((........))))...,GCGCCTCGCCTCGGCCGGCGCCTAGCAGCCGACTTAGAAC
>NR_146118_____1|4647|diff,0.15865525393145663,-9.00,...((((.......))))..((((((....))))))....,CAGACATTTGGTGTATGTGCTTGGCTGAGGAGCCAATGGG
>ENST00000536684_____2|409|same,0.8413447460685429,-1.20,.((((................))))...............,CACAGAACCCTCCAAATCCCCCTGTAAATTTAACTGTTAG
>NR_146117_____1|11531|same,0.15865525393145707,-10.90,....((...(((((..((.....)).)))))....))...,CGCCTCGCCTCGGCCGGCGCCTAGCAGCCGACTTAGAACT
>NR_003287_____4|3593|same,0.15865525393145707,-10.90,....((...(((((..((.....)).)))))....))...,CGCCTCGCCTCGGCCGGCGCCTAGCAGCCGACTTAGAACT
>NR_146144_____1|11479|same,0.8413447460685431,-10.90,...((...(((((..((.....)).)))))....))....,GCCTCGCCTCGGCCGGCGCCTAGCAGCCGACTTAGAACTG
>NR_146151_____1|12519|diff,0.15865525393145707,-10.50,.............((.(((((((....)))))..)).)).,ACATTTGGTGTATGTGCTTGGCTGAGGAGCCAATGGGGCG
>NR_145822_____1|4640|diff,0.1586552539314568,-10.50,.............((.(((((((....)))))..)).)).,ACATTTGGTGTATGTGCTTGGCTGAGGAGCCAATGGGGCG
>NR_146144_____1|4155|diff,0.15865525393145707,-9.70,.(((((......))))).......................,ACTCCCGACCCGGGGAGGTAGTGACGAAAAATAACAATAC
>NR_146154_____1|4628|diff,0.15865525393145707,-10.50,.............((.(((((((....)))))..)).)).,ACATTTGGTGTATGTGCTTGGCTGAGGAGCCAATGGGGCG
>NR_146117_____1|12581|diff,0.15865525393145702,-10.50,.............((.(((((((....)))))..)).)).,ACATTTGGTGTATGTGCTTGGCTGAGGAGCCAATGGGGCG
>NR_145819_____1|11514|same,0.8413447460685439,-10.90,....((...(((((..((.....)).)))))....))...,CGCCTCGCCTCGGCCGGCGCCTAGCAGCCGACTTAGAACT
>NR_146148_____1|4631|diff,0.15865525393145719,-10.50,..........((.(((((((....)))))..)).))....,TTTGGTGTATGTGCTTGGCTGAGGAGCCAATGGGGCGAAG
>NR_145819_____1|10276|diff,0.15865525393145707,-13.00,(((((((.((((....))))))))))).............,GCCGCCGCAGGTGCAGATCTTGGTGGTAGTAGCAAATATT
>NR_003287_____4|4646|diff,0.1586552539314569,-10.50,..........((.(((((((....)))))..)).))....,TTTGGTGTATGTGCTTGGCTGAGGAGCCAATGGGGCGAAG
>NR_146144_____1|11913|same,0.15865525393146568,-22.40,(((((((((...)))))(((((...))))).)))).....,CCGGGGCGGGGTCCGCCGGCCCTGCGGGCCGCCGGTGAAA
>NR_146146_____1|133|diff,0.8413447460685426,-2.40,.......................(((.....)))......,GTTCCTTTGGTCGCTCGCTCCTCTCCTACTTGGATAACTG
>NR_145819_____1|9664|same,0.841344746068543,-3.10,...(((((((...)))))))....................,GCAGTTTTATCCGGTAAAGCGAATGATTAGAGGTCTTGGG
>NR_145819_____1|11949|same,0.15865525393145707,-22.40,(((((((((...)))))(((((...))))).)))).....,CCGGGGCGGGGTCCGCCGGCCCTGCGGGCCGCCGGTGAAA
>NR_146118_____1|4038|same,0.8413447460685428,-18.00,.(((((...)))))(((((...))))).............,GGGCGGGGTCCGCCGGCCCTGCGGGCCGCCGGTGAAATAC
>NR_146151_____1|11907|same,0.8413447460685429,-18.00,.(((((...)))))(((((...))))).............,GGGCGGGGTCCGCCGGCCCTGCGGGCCGCCGGTGAAATAC
>NR_145819_____1|12570|diff,0.15865525393145707,-12.30,(((...(((.(((((((....)))))..)).)))..))).,GGTGTATGTGCTTGGCTGAGGAGCCAATGGGGCGAAGCTA
>NR_145822_____1|4028|same,0.15865525393145657,-18.00,.(((((...)))))(((((...))))).............,GGGCGGGGTCCGCCGGCCCTGCGGGCCGCCGGTGAAATAC
>NR_046235_____3|9666|diff,0.8413447460685429,-3.10,.(((((((...)))))))......................,AGTTTTATCCGGTAAAGCGAATGATTAGAGGTCTTGGGGC
>NR_046235_____3|11952|same,0.8413447460685434,-22.40,(((((((((...)))))(((((...))))).)))).....,CCGGGGCGGGGTCCGCCGGCCCTGCGGGCCGCCGGTGAAA
>NR_146144_____1|11560|same,0.15865525393145719,-16.30,((((((((.(((((...))))).))..)))))).......,ATCGCGAAGGCCCGCGGCGGGTGTTGACGCGATGTGATTT
>NR_146148_____1|3660|same,0.15865525393145696,-16.30,((((((((.(((((...))))).))..)))))).......,ATCGCGAAGGCCCGCGGCGGGTGTTGACGCGATGTGATTT
>NR_146151_____1|11554|same,0.15865525393145707,-11.90,(((((.(((((...))))).))..))).............,GCGAAGGCCCGCGGCGGGTGTTGACGCGATGTGATTTCTG
>NR_146154_____1|3662|same,0.8413447460685429,-13.70,((((((.(((((...))))).))..))))...........,CGCGAAGGCCCGCGGCGGGTGTTGACGCGATGTGATTTCT
>NR_145819_____1|11601|same,0.8413447460685386,-9.10,.((.(((((...))))).))...((((.......)).)).,GAAGGCCCGCGGCGGGTGTTGACGCGATGTGATTTCTGCC
>NR_145822_____1|3675|same,0.15865525393145707,-11.90,(((((.(((((...))))).))..))).............,GCGAAGGCCCGCGGCGGGTGTTGACGCGATGTGATTTCTG
>NR_146117_____1|11969|same,0.15865525393145707,-18.00,.(((((...)))))(((((...))))).............,GGGCGGGGTCCGCCGGCCCTGCGGGCCGCCGGTGAAATAC
>NR_046235_____3|11600|same,0.8413447460685426,-15.10,(((((((.(((((...))))).))..))))).........,TCGCGAAGGCCCGCGGCGGGTGTTGACGCGATGTGATTTC
>NR_003287_____4|3677|same,0.15865525393145707,-13.70,((((((.(((((...))))).))..))))...........,CGCGAAGGCCCGCGGCGGGTGTTGACGCGATGTGATTTCT
>G087360__chrM___131____1617_neg|1326|same,0.15865525393145724,-3.70,((.(((((((((.....))))))))).))...........,GAGGGGGGGTTTGGTGGAAATTTTTTGTTATGATGTCTGT
>NR_146151_____1|9377|same,0.841344746068543,-13.90,.(((((..........)))))((((((......)))))).,CCCGCCGCGCCGGGGAGGTGGAGCACGAGCGCACGTGTTA
>NR_146151_____1|10685|diff,0.15865525393145707,-7.60,.....((((.(((....((((.....))))..))).)))),TCCGCAGCAGGTCTCCAAGGTGAACAGCCTCTGGCATGTT
>NR_146144_____1|9390|same,0.8413447460685428,-13.90,.(((((..........)))))((((((......)))))).,CCCGCCGCGCCGGGGAGGTGGAGCACGAGCGCACGTGTTA
>NR_146144_____1|12538|diff,0.15865525393145696,-11.40,........(((((....)))))(((((((...))).)))),TATGTGCTTGGCTGAGGAGCCAATGGGGCGAAGCTACCAT
>NR_146154_____1|1492|same,0.8413447460685429,-11.30,.((((.....)))).((((((......)))))).......,GCGCCGGGGAGGTGGAGCACGAGCGCACGTGTTAGGACCC
>NR_046235_____3|12577|diff,0.15865525393145707,-11.40,........(((((....)))))(((((((...))).)))),TATGTGCTTGGCTGAGGAGCCAATGGGGCGAAGCTACCAT
>ENST00000604952_____1|1294|same,0.15865525393145719,-6.70,((((((((.....(((......))))))))))).......,ATCCTATTCTAGAGTCCATATTGACAATAGGGTTTACGAC
>enhancer__chr8___67585257____67586057_neg|542|same,0.8413447460685439,-4.20,..............(((((.((..........))))))).,TATCTACCGAGAATGTATGCAGGAACTGCTAACTCATGCC
>NR_145822_____1|1502|same,0.8413447460685429,-11.50,...((((.......((((((......))))))....)))),CGCCGGGGAGGTGGAGCACGAGCGCACGTGTTAGGACCCG
>NR_146118_____1|1502|same,0.15865525393145724,-11.50,...((((.......((((((......))))))....)))),CGCCGGGGAGGTGGAGCACGAGCGCACGTGTTAGGACCCG
>ENST00000379731_____4|3649|diff,0.8413447460685429,-5.00,......((((........))))..................,AACCAAGGGAAATACTGCTCCCCCCATTTGCTGACGTAGT
>G087360__chrM___9934____14148_neg|2523|same,0.15865525393145707,-8.00,.......((.(((.((((.........)))).))).))..,GGGCTATGTGGCTGATTGAAGAGTATGCAATGAGCGATTT
>ENST00000514318_____1|244|same,0.15865525393145696,-16.60,...((((....))))....((((((....)).))))....,GGGGGCCTACGGGCCGGGCGGGGCGGTGATGACCCCAACA
>enhancer__chr2___226714996____226724796_pos|7287|diff,0.8413447460685429,-2.80,.....((.((....))))......((((......))))..,GGAACCCAGCCACCGCGGTCACACGATTAACCCAAGTCAA
>NR_146148_____1|1499|same,0.8413447460685451,-12.70,.((((.......((((((......))))))....))))..,CCGGGGAGGTGGAGCACGAGCGCACGTGTTAGGACCCGAA
>NR_145819_____1|9428|same,0.15865525393145707,-12.70,.((((.......((((((......))))))....))))..,CCGGGGAGGTGGAGCACGAGCGCACGTGTTAGGACCCGAA
>NR_146118_____1|4276|same,0.15865525393145707,-7.40,.........((((...)))).....((((....))))...,GACAGAAACCTCCCGTGGAGCAGAAGGGCAAAAGCTCGCT
>NR_003287_____4|1503|same,0.15865525393145707,-12.70,..((((.......((((((......))))))....)))).,GCCGGGGAGGTGGAGCACGAGCGCACGTGTTAGGACCCGA
>ENST00000538098_____2|72|diff,0.15865525393145707,-9.60,...............((((((.....))))))........,TTTAATATCTGATACGTCCTCTATCCGAGGACAATATATT
>G033557__chr17___22519504____22524562_neg|3145|same,0.15865525393145707,-7.20,..........(((((...((((.....)))).)))))...,TCCCGTGACTGATTAATAGGGTAATAGACCCGTGATCCAT
>G087360__chrM___7825____8970_neg|747|same,0.8413447460685428,-3.00,.......((((((((.......))))))))..........,CAAAGATTTTTAGGGGAATTAATTCTAGGACGATGGGCAT
>NR_146144_____1|8096|same,0.8413447460685434,-14.80,((..((.(((.(((((((....)))))))))).))..)).,GCGCCGCTCGTGGGGGGCCCAAGTCCTTCTGATCGAGGCC
>NR_146117_____1|9435|same,0.15865525393145696,-12.70,.((((.......((((((......))))))....))))..,CCGGGGAGGTGGAGCACGAGCGCACGTGTTAGGACCCGAA
>NR_146154_____1|196|same,0.1586552539314574,-14.80,((..((.(((.(((((((....)))))))))).))..)).,GCGCCGCTCGTGGGGGGCCCAAGTCCTTCTGATCGAGGCC
>NR_003287_____4|196|same,0.8413447460685434,-14.80,((..((.(((.(((((((....)))))))))).))..)).,GCGCCGCTCGTGGGGGGCCCAAGTCCTTCTGATCGAGGCC
>ENST00000361789_____2|1037|diff,0.15865525393145707,-2.60,((....)).................(((....))).....,GGACAACCAGTAAGCTACCCTTTTACCATCATTGGACAAG
>G087360__chrM___9934____14148_neg|188|same,0.15865525393145719,-6.20,...((((.((((........)))).))))...........,CAGGTTTTGGCTCGTAAGAAGGCCTAGATAGGGGATTGTG
>NR_146144_____1|12909|same,0.15865525393145707,-10.30,..((((((.(((.......)))))))))............,TACGTAGCAGAGCAGCTCCCTCGCTGCGATCTATTGAAAG
>NR_146146_____1|1009|same,0.15865525393145707,-9.40,.....((((((((((.....))))))))))..........,AGAGCGAAAGCATTTGCCAAGAATGTTTTCATTAATCAAG
>NR_146151_____1|12901|same,0.1586552539314574,-10.30,..((((((.(((.......)))))))))............,TACGTAGCAGAGCAGCTCCCTCGCTGCGATCTATTGAAAG
>NR_146154_____1|4255|same,0.15865525393145707,-7.40,........((((...)))).....((((....))))....,ACAGAAACCTCCCGTGGAGCAGAAGGGCAAAAGCTCGCTT
>NR_145819_____1|3716|diff,0.841344746068543,-6.80,....(((.(((............))).)))..........,TTAAGCCATGCATGTCTGAGTACGCACGGCCGGTACAGTG
>NR_145819_____1|12945|same,0.1586552539314564,-10.30,..((((((.(((.......)))))))))............,TACGTAGCAGAGCAGCTCCCTCGCTGCGATCTATTGAAAG
>NR_146117_____1|12963|diff,0.15865525393145707,-10.30,..((((((.(((.......)))))))))............,TACGTAGCAGAGCAGCTCCCTCGCTGCGATCTATTGAAAG
>NR_146119_____1|1007|same,0.15865525393145707,-9.40,.......((((((((((.....))))))))))........,CCAGAGCGAAAGCATTTGCCAAGAATGTTTTCATTAATCA
>NR_146118_____1|185|same,0.15865525393145707,-15.30,...((((((((.((.....))))))))))...........,CCCGCTCCCCGGCGCCGCTCGTGGGGGGCCCAAGTCCTTC
>NR_046235_____3|8120|same,0.8413447460685429,-14.80,((..((.(((.(((((((....)))))))))).))..)).,GCGCCGCTCGTGGGGGGCCCAAGTCCTTCTGATCGAGGCC
>NR_046235_____3|12949|diff,0.8413447460685434,-10.30,..((((((.(((.......)))))))))............,TACGTAGCAGAGCAGCTCCCTCGCTGCGATCTATTGAAAG
>NR_003287_____4|4269|same,0.841344746068543,-7.40,.........((((...)))).....((((....))))...,GACAGAAACCTCCCGTGGAGCAGAAGGGCAAAAGCTCGCT
>ENST00000554988_____1|571|diff,0.15865525393145707,-17.20,......(((((((.((((...)))))))))))........,GCTGAGGTGAGGTACCCCGCAGGGGACCTCATAACCCAAT
>ENST00000485756_____1|121|same,0.15865525393145707,-3.70,.....((((..(((......)))....)))).........,AAATGTATCTTGGCACTCGAGCTTAATGATGACTGTTTTT
>ENST00000361739_____1|561|same,0.15865525393145696,-4.90,...........(((.((........)).))).........,AAACCACTTTCACCGCTACACGACCGGGGGTATACTACGG
>enhancer__chr14___32484892____32486692_neg|1571|same,0.15865525393145707,-11.00,((((........))))...(((((((.......))))))),gtcccttgctaaggacTCATTTGCAGCTAAGGACTGCAAA
>NR_146148_____1|194|same,0.8413447460685429,-11.70,.(((.((........)).))).....((((......)))),CGGCGCCGCTCGTGGGGGGCCCAAGTCCTTCTGATCGAGG
>NR_145820_____1|1017|same,0.8413447460685429,-3.30,.((((((.....))))))......................,AGCATTTGCCAAGAATGTTTTCATTAATCAAGAACGAAAG
>NR_145822_____1|195|same,0.15865525393145707,-14.00,.((..((.(((.(((((((....)))))))))).))..)),GGCGCCGCTCGTGGGGGGCCCAAGTCCTTCTGATCGAGGC
>NR_146117_____1|8127|same,0.1586552539314568,-14.80,((..((.(((.(((((((....)))))))))).))..)).,GCGCCGCTCGTGGGGGGCCCAAGTCCTTCTGATCGAGGCC
>NR_003286_____4|1007|same,0.15865525393145707,-9.40,.......((((((((((.....))))))))))........,CCAGAGCGAAAGCATTTGCCAAGAATGTTTTCATTAATCA
>ENST00000586231_____1|1336|same,0.8413447460685429,-8.90,.(((((.(((((.((.....)).))).)).))))).....,CAGGGAGGAAGGCGACGACATCTCTTCTCGTCCTTTTGGC
>ENST00000565907_____1|306|same,0.15865525393145702,-2.40,((((..(((.......)))..))))...............,GGCTATTATAATTAAAATATAAGCTATGATGAATTTGATT
>ENST00000580755_____1|149|same,0.15865525393145702,-7.50,...((((((((((.....))))))))))............,GGGCTAATGATGGAAAAATCATTATTGGAAAAGAATGACA
>G087360__chrM___131____1617_neg|1209|same,0.8413447460685429,-0.20,...................((((........)))).....,TGTTAAAAGTGCATACCGCCAAAAGATAAAATTTGAAATC
>G087360__chrM___9934____14148_neg|789|diff,0.15865525393145707,-8.80,.............((((((.((((.....)))))))))).,TGGATGATGGACCCGGAGCACATAAATAGTATGGCTTTGA
>promoter__chr5___140710047____140712847_pos|1280|same,0.15865525393145707,-8.60,................((((((((....))))))))....,TTCTTTAATTGAAACAAGCAACCTGTCTGGGTTGTTCGAG
>enhancer__chr16___69357295____69360495_pos|1402|same,0.8413447460685429,-3.30,..(((..((((.........))))..)))...........,TGGAGAAAGTATCTGACAACTGCTAACTCATGTCCCCATG
>NR_146144_____1|9753|same,0.8413447460685429,-7.60,(((...((((.((((...))))...)))).))).......,TGCGAGTGCCTAGTGGGCCACTTTTGGTAAGCAGAACTGG
>NR_146151_____1|8088|same,0.15865525393145707,-13.80,.(((..(((.(((((((....))))))))))....)))..,CGCCGCTCGTGGGGGGCCCAAGTCCTTCTGATCGAGGCCC
>NR_146151_____1|10374|same,0.15865525393145707,-16.10,(((((((((...)))))))))....((........))...,GGGCGATGGCCTCCGTTGCCCTCGGCCGATCGAAAGGGAG
>NR_146151_____1|12090|same,0.15865525393145707,-13.30,.....((.((((((((...........))))))))))...,GGGGCGGTACACCTGTCAAACGGTAACGCAGGTGTCCTAA
>NR_145819_____1|8121|same,0.15865525393145735,-13.80,.(((..(((.(((((((....))))))))))....)))..,CGCCGCTCGTGGGGGGCCCAAGTCCTTCTGATCGAGGCCC
>NR_145819_____1|9736|same,0.15865525393145707,-19.80,.............(((((((((.........))))))))),AAATGGGTAAGAAGCCCGGCTCGCTGGCGTGGAGCCGGGC
>NR_146117_____1|9789|same,0.8413447460685426,-7.60,(((...((((.((((...))))...)))).))).......,TGCGAGTGCCTAGTGGGCCACTTTTGGTAAGCAGAACTGG
>NR_003287_____4|2685|same,0.15865525393145719,-13.40,..(((((......))))).(((((........))).))..,TCGCCCCGAGAGAGGGGCCCGTGCCTTGGAAAGCGTCGCG
>ENST00000622954_____1|1669|diff,0.15865525393145707,-11.20,(((...((((.((..((((....)))))))))))))....,CAGTGAGCTGAGATCGTGCCACTGCACTCCAGCCTGAGCA
>ENST00000359362_____5|1616|same,0.8413447460685429,-1.60,((((................))))................,GTCACAGAACAAGAGAAGATTGACAAACTTATGATAGAGA
>G004418__chr1___145982791____146044553_pos|52930|same,0.8413447460685437,-9.30,...........((...(((((.......)))))...))..,tctagtggttaggattcggcgctctcaccgccgcggcccg
>G087360__chrM___9934____14148_neg|852|same,0.15865525393145696,-7.60,..........(((.((((((((....))))))))..))).,AGGAATGCTAGGTGTGGTTGGTTGATGCCGATTGTAACTA
>promoter__chr1___16859531____16861731_pos|706|same,0.8413447460685429,-3.70,..(((((.......))))).......((((......)))),attatgttcgcttcacatatgaaaggtctctggttcgaga
>enhancer__chr1___30944379____30951779_neg|2578|same,0.15865525393145274,-12.70,..((((((....((((.....)))).....))))))....,AGGGGTTGGTTGGCCATTGTCTGGCAATGATGACCCACTT
>enhancer__chr14___95523357____95535557_neg|1927|same,0.15865525393145707,-6.80,...(((..(((((.((..........))))))))))....,GGACCAGTGGACTTGCTACATAATCTGTAGTCTTGGAGCC
>enhancer__chr3___51693704____51708504_neg|14000|same,0.8413447460685429,-7.50,.((((..(((((((....)).)))))....))))......,aggtcgggtctagttagtacttggatgggagactgcctgg
>NR_146148_____1|2486|same,0.15865525393146135,-16.30,.(((((((((...)))))))))....((........))..,CGGGCGATGGCCTCCGTTGCCCTCGGCCGATCGAAAGGGA
>NR_146151_____1|9694|same,0.15865525393145696,-19.80,.............(((((((((.........))))))))),AAATGGGTAAGAAGCCCGGCTCGCTGGCGTGGAGCCGGGC
>NR_146154_____1|2481|same,0.15865525393145707,-16.30,..(((((((((...)))))))))....((........)).,ACGGGCGATGGCCTCCGTTGCCCTCGGCCGATCGAAAGGG
>NR_146117_____1|9747|same,0.15865525393145702,-21.00,.........(((((((((.........)))))))))....,GGGTAAGAAGCCCGGCTCGCTGGCGTGGAGCCGGGCGTGG
>NR_003287_____4|1803|same,0.8413447460685429,-6.90,.............((((.....)))).(((....)))...,TCAAACTTTAAATGGGTAAGAAGCCCGGCTCGCTGGCGTG
>ENST00000548322_____1|54|same,0.8413447460685431,-9.30,...........(((((((..........))))))).....,GGAGAGAAACAGTGCCATCTCAGGGCCAGTGGCGCAATGG
>ENST00000624617_____1|1277|same,0.5,-12.20,...(((((.((.((...(((...)))..)).)).))))).,GTAGAGACGGGGTTTCTCCATGTTGGCCAGGCTGGTCTCG
>ENST00000619601_____1|430|same,0.8413447460685429,-10.50,..........(((((((((....))).)).))))......,TGCCATCACTGCCACCCAGAAGACTGTGGATGGCCCCTCC
>promoter__chr17___81845440____81846840_neg|900|diff,0.15865525393145707,-14.40,.((..((((((((.(((....))))))))))).)).....,ACTGGGACAAGCAGCCTGTCAAGGTGCTTGTTGGGAAGAA
>promoter__chr4___82892599____82895999_neg|104|same,0.8413447460685428,-5.30,...................(((((.((.....)).))))),AAATTTTTTCCACTGCTGTTCACATCATGATTTGTTGTGA
>enhancer__chr6___4422768____4429968_pos|5276|same,0.841344746068543,-9.90,(((((..((((....((.....))..))))))))).....,cgggcctggttagtacttggatgggagaccgcctgggaat
>enhancer__chr15___83014989____83019389_neg|2090|same,0.8413447460685429,-5.40,..(((((((.......)).)))))................,TGGGGGACACTGCTGATGATTCCCAAGATTGAGATGATGA
>enhancer__chrX___126727855____126730855_neg|1769|same,0.15865525393145702,-5.30,(((((.(((.((...)).))).))))).............,CATTGGTGTTCTTGAAGTACAACGATGGTTTTTCATATCA
>NR_146144_____1|9710|same,0.15865525393145702,-21.00,..........(((((((((.........)))))))))...,TGGGTAAGAAGCCCGGCTCGCTGGCGTGGAGCCGGGCGTG
>NR_146117_____1|9670|same,0.8413447460685429,-3.10,....(((((((...)))))))...................,CGCAGTTTTATCCGGTAAAGCGAATGATTAGAGGTCTTGG
>ENST00000437681_____1|1181|same,0.15865525393145707,-12.60,.....((((((((.(((.....))).....))))))))..,TACAGCTTCCCAGAGTCCTGTCGACAATTACTGGGGAGAC
>T253867|4877|same,0.8413447460685429,-0.50,............((((......))))..............,TAAAATTAAAAATAGAAAAAAGTCTGGTCCAAAGGTAGTG
>G004492__chr1___145982791____146044553_pos|52930|same,0.8413447460685426,-9.30,...........((...(((((.......)))))...))..,tctagtggttaggattcggcgctctcaccgccgcggcccg
>NR_146151_____1|3911|same,0.8413447460685428,-13.30,.(((....)))(((((((((.....)))))).))).....,GGCCGGGGGGCGGGCGCCGGCGGCTTTGGTGACTCTAGAT
>NR_145819_____1|3934|same,0.8413447460685429,-13.30,.(((....)))(((((((((.....)))))).))).....,GGCCGGGGGGCGGGCGCCGGCGGCTTTGGTGACTCTAGAT
>NR_146119_____1|1481|same,0.8413447460685429,-2.80,......(((...(((((...........))))))))....,TTCAGCCACCCGAGATTGAGCAATAACAGGTCTGTGATGC
>NR_046235_____3|3934|same,0.8413447460685429,-13.30,.(((....)))(((((((((.....)))))).))).....,GGCCGGGGGGCGGGCGCCGGCGGCTTTGGTGACTCTAGAT
>NR_003287_____4|1322|same,0.15865525393145707,-6.90,........(((((((((........))))...)).)))..,ACCCACCCGACCCGTCTTGAAACACGGACCAAGGAGTCTA
>ENST00000497519_____1|730|same,0.8413447460685429,-5.40,..................(((((((...))))))).....,TCAGTAGTTGGTCCTTTGGTTGCATATGATGCGATAATTG
>ENST00000361739_____1|451|same,0.8413447460685428,-2.20,..(((.((.......)).)))...................,CCCGATTGAAGCCCCCATTCGTATAATAATTACATCACAA
>G004258__chr1___145982791____146044553_pos|52936|same,0.1586552539314574,-11.80,.....((((((((.(((...........))))))))))).,ggttaggattcggcgctctcaccgccgcggcccgggttcg
>enhancer__chr11___62853176____62855776_neg|1831|diff,0.15865525393145707,-3.20,....................(((((.........))))).,CTATGATGAATCAAACTAGCTCACTATGACCGACAGTGAA
>NR_146144_____1|9638|same,0.15865525393145707,-6.30,(((((((...)))))))...........((((....)))),GTTTTATCCGGTAAAGCGAATGATTAGAGGTCTTGGGGCC
>NR_145820_____1|945|same,0.1586552539314574,-9.20,..(((..((.(((.......))).)))))...........,ACGGCCGGGGGCATTCGTATTGCGCCGCTAGAGGTGAAAT
>ENST00000366365_____2|236|same,0.8413447460685433,-6.20,((((...........))))...(((((......)))))..,TGACAAAGTGTTCAGGTCAGACGGTCTGGGGAAAGGCTCC
>ENST00000568314_____1|446|same,0.15865525393145707,-7.60,............((((....))))...((((.....)))),AATCAGAAGCCAACCCCTACGGGTCCCCGGTAGCTCGCCG
>ENST00000602478_____1|62|diff,0.15865525393145707,-6.40,...........(((((.......)))))............,ACGCCCGAATCCTCACTGCTAATGTGAGACGAATTTTTGA
>promoter__chrX___41140859____41141659_pos|529|same,0.15865525393145719,-5.80,((((((..........)))))).((((....)))).....,TACTATACTCATCGACATGGTAATCCTGAGGAGGAAGAGT
>enhancer__chr1___151660876____151665076_pos|1293|same,0.15865525393145707,-4.90,(((((.......(((.........))).......))))).,ATGTCTTTTCCCCCAGAACTACAATGGTGTGTCCGACGTA
>enhancer__chr14___69865177____69891177_neg|5370|same,0.8413447460685429,-2.50,..................(((((...))))).........,AGACAAAGCAAGAGAAGAAGCAGAGACTGTTGGCCCGGGC
>enhancer__chr2___88229451____88230451_neg|787|same,0.8413447460685428,-5.50,(((((((((..(((......)))...))))))))).....,actattaaaatgttcaagtaggctggtttgatggtagtgg
>enhancer__chr5___91383071____91383271_neg|31|same,0.841344746068543,-2.90,.................((((.(((((...))))).)))),CCTGACTTTTTAAGAAATCTCAATGAACTATTTGTAGAGA
>NR_146144_____1|10585|same,0.841344746068543,-13.40,..(((((((((((........))).)).))))))......,GAGGGGCCCGTGCCTTGGAAAGCGTCGCGGTTCCGGCGGC
>ENST00000624072_____1|16607|same,0.841344746068543,-4.20,...........((((.(((((...))).))))))......,GAGTTTCATTCTTGTTGCCCAGGCTGGAGTACAATGGCAC
>ENST00000529548_____1|306|same,0.15865525393145707,-4.40,........................((((......))))..,CCCCTTTCAGTCTTACTACTTTGACCGCGATGATGTGGCT
>NR_146144_____1|4817|same,0.8413447460685428,-5.80,.((((((.(((.....(((....)))....))).)))))),TTGGGTTCCGGGGGGAGTATGGTTGCAAAGCTGAAACTTA
>ENST00000315707_____3|599|same,0.8413447460685429,-8.20,......(((((((.(((.....)))..)))).))).....,GTTCGCGGCAACGTCCGCACGTCGGCTCGTTGGTCTAGGG
>T059327|2853|same,0.15865525393145696,-9.90,((((....((((((((...))))))))....)))).....,GAGCATCAGACTTTTAATCTGAGGGTCCAGGGTTCAAGTC
>G033992__chr17___22520709____22523110_pos|1400|same,0.841344746068543,-3.20,......................((((......))))....,CCTACACTGCCCCATAGACAAATAGGTTTGGTCCTAGCCT
>G084717__chr9___63918309____64082428_pos|129889|same,0.15865525393145707,-0.70,.............((((((........)).))))......,AGTAAGCACAAGTATCTACATAAAAACGTTAGGTCAAGGT
>G084799__chr9___63918309____64082428_pos|129889|same,0.8413447460685429,-0.70,.............((((((........)).))))......,AGTAAGCACAAGTATCTACATAAAAACGTTAGGTCAAGGT
>G041621__chr19___50060232____50093425_neg|900|diff,0.8413447460685429,-10.00,..(((.((....))..)))...(((((((....))))))),AGGGCACGAGTTCGAGGCCAGCCTGGTCCACATGGGTCGG
>G087360__chrM___9934____14148_neg|3836|diff,0.15865525393145707,-5.50,.(((((((.(((((..........))))))))))))....,GGGATGACATAACTATTAGTGGCAGGTTAGTTGTTTGTAG
>enhancer__chr4___169004899____169005499_pos|349|same,0.15865525393145707,-5.00,.........(((((.....((......))..)))))....,CGAAAAAAATACCAAAACAGggctggtccgatggtagcgg
>enhancer__chr9___5092200____5092800_pos|172|same,0.8413447460685429,-0.60,......................((((....))))......,TAGAGGAGATAAGTCGTAATATGGTAAGTGTACTGGAAAG
>NR_046235_____3|9782|same,0.8413447460685429,-7.60,(((...((((.((((...))))...)))).))).......,TGCGAGTGCCTAGTGGGCCACTTTTGGTAAGCAGAACTGG
>ENST00000447221_____1|608|same,0.15865525393145707,-10.00,....(((.(((((((((........))))).)))).))).,GTCTACGCTCAGCGTTCTGCCCCGTGAACGTTTGAATGTT
>ENST00000609879_____1|580|diff,0.8413447460685429,-6.60,....(((((......)))))...(((((....)))))...,TCTCGTCCAAGACCATGGGCATCATGAACTCCTTCGTCAA
>ENST00000631190_____1|620|diff,0.8413447460685431,-12.40,..((.(((((((.((((((...))).)))))).)))).)),AGTCTTGCTCTGTCGCCCAGGCTGGAGTGCAGTGGCGCGA
>ENST00000525265_____1|169|same,0.15865525393145707,-2.90,..........((((((.....)))))).............,CCGTCAAGAGATAACAACAAATGTTATGCAAAAATAATCT
>G034943__chr17___53070787____53121704_neg|15486|same,0.8413447460685429,0.00,........................................,CTCAAATCATGAAAATTATTAATATTACTGCTGTTAGGGA
>promoter__chr16___3188998____3189998_pos|629|same,0.8413447460685429,-5.60,(((((((....(((((.....))))).....))).)))).,AGATAACCTTAATGCGTAAATCGTGTggctcgttggtcta
>promoter__chr5___140710047____140712847_pos|1226|same,0.15865525393145707,-8.00,......(((...........)))((((((....)).)))),TATAATCCGAAAGCAACCTCCGGGCTGGCTTTAGCTCAGC
>enhancer__chr15___67066155____67072555_pos|2130|same,0.8413447460685429,-2.10,.............(((((.....)))))............,CTGCCCCATGCTGCTTTATACTTTGAAGATCCTGAATACA
>NR_146154_____1|1803|same,0.15865525393145685,-19.80,.............(((((((((.........))))))))),AAATGGGTAAGAAGCCCGGCTCGCTGGCGTGGAGCCGGGC
>NR_145820_____1|1526|diff,0.8413447460685429,-6.40,((.(((((((((.((....)))))...)))...)))))..,GATGTCCGGGGCTGCACGCGCGCTACACTGACTGGCTCAG
>ENST00000429798_____1|63|same,0.8413447460685428,-6.10,.....((((((........))))))...............,GAGAAGGCTTTAGCAAGTCGGGGCCAGTGGCGCAATGGAT
>ENST00000563103_____1|147|same,0.8413447460685429,-2.20,.........(((((.....((.....)).....))).)).,GTCCTGTGTCCCTAGTAGCTCGCCGTGATCGTATAGTGGT
>ENST00000574245_____1|646|same,0.8413447460685428,-7.20,......((((((.(((...)))...)))).))........,ACTTGAGCCAGGAGTTTCAGACCAGCCTGAGCAACATAGC
>ENST00000549159_____1|2469|same,0.8413447460685429,-3.60,.(((((((.........)))))))................,AATCATTTTAGATATTTGAATGATCTCTGTGGATTGGTAG
>T110092|2111|same,0.8413447460685429,0.00,........................................,GTTATAGATTTCTTTGTTCCTTCTCCACTCCCACTGCTTC
>promoter__chr7___148941042____148941642_pos|494|diff,0.15865525393145707,-0.40,.....(((........))).....................,aagttgatttaacattgtctccccccacaaccgcgcttga
>enhancer__chr16___14285941____14286941_pos|23|same,0.15865525393145707,-2.30,..............(((.((((..........)))).))),ttcgaaccccgtccgtgcctGATATCCAACCTTCAGCTAT
>enhancer__chr9___35657203____35663203_neg|5183|same,0.15865525393145707,-6.80,...........(((.((.(((.....))).))...)))..,TACTCTGTGAAGCTGAGGACGTGGTTCGTGCTGAAGGCCT
>NR_145819_____1|2072|same,0.8413447460685429,-15.50,.....(((((((((..(((....)))))))))))).....,CGGGGCGCCGCGGGACCGCCCTCGTGTCTGTGGCGGTGGG
>ENST00000447221_____1|1138|same,0.8413447460685435,-12.40,.((.((((((((....)).)).)))).))((((...)))),TGCCGGGTGCGTGTGAGCGGCTGCCCTGCGGATGCTGTCC
>ENST00000501520_____1|882|diff,0.15865525393145707,-12.90,(((((((.((((.(((.....)))))))...)))))))..,GGGGTTTCACCATGTTGGCCAGGCTGGTCTCGAACTCCTG
>ENST00000598355_____1|424|diff,0.8413447460685429,-2.50,...((.((.(((..(((..........)))))))).))..,GGGCCGCATGTTCAAGCAATTCAACAAGTTAACTGAGGAC
>promoter__chr11___65853777____65860777_neg|5807|diff,0.15865525393145707,-3.50,.......(((.(((.....))))))...............,TCTAACCGCAATAGTGACTCTGTGCTTGTCTGTTTAGTTC
>promoter__chr12___97871160____97877960_neg|1798|same,0.8413447460685429,-2.80,.................(((......)))...........,CCTTTAGAACTATTATCCAGGACTCACTGATTACTTGATG
>promoter__chr17___19446102____19447302_neg|934|diff,0.8413447460685429,-3.30,..............((((.((.((....))))...)))).,TCATCCTGGCCAAGCTCTCCATCGTCCCCGTGCGCAGAGG
>enhancer__chr9___99299476____99306076_pos|6497|same,0.15865525393145602,-11.10,(((((....((......)).)))))((((.......)))),GCAGTATGAGGAGATTGCCAACTGCAGCCGGGCTGAGGCT
>NR_146144_____1|2273|same,0.15865525393145707,-15.60,...((((.((((((((.........))))))))..)))).,CGAGCGGCTCACCGGCTTCACGTCCGTTGGTGGCCCCGCC
>NR_146117_____1|10631|diff,0.8413447460685429,-12.80,..(((.....)))...(((((((.......)))))))...,GCCCGTGCCTTGGAAAGCGTCGCGGTTCCGGCGGCGTCCG
>NR_046235_____3|2071|same,0.8413447460685428,-17.30,((((....))))...((((((..((....)).))))))..,GCGGGGCGCCGCGGGACCGCCCTCGTGTCTGTGGCGGTGG
>ENST00000484836_____1|86|same,0.15865525393145635,-8.70,...(((.((..((((((.........)))))))).)))..,CTGGGAAGTGCCGTCAGAAGCGATAACTGACGACGTCTAA
>ENST00000371554_____2|1180|diff,0.15865525393145696,-4.70,((((..((..(((......))).))..)))).........,TGGCAGTCAAGCACTTTTCTGTAGAAGGTCAGTTGGAATT
>ENST00000478698_____1|378|same,0.15865525393145707,-5.40,.............(((.((((((.......)))))).))),GTGGCTATAATAATTACGGCTATGGGAATGATGGCTTTGA
>ENST00000493357_____1|69|same,0.15865525393145757,-1.40,(((((..........)))))....................,GTCGATGTAAATATTTTGATACAAATAGTGAAGTAGAAGA
>ENST00000577910_____1|336|diff,0.15865525393145719,-7.20,....(((.((..((((((((....))))))))..))))).,ATGCTGAACTTAAGGGTTTAGATGTAGATTCTCTGGTCAT
>ENST00000543500_____2|1280|diff,0.15865525393145707,-7.50,..((((((((((.................)))))).)))),AGTCCATATCGACAATAGAGTTTACGACCTCGATGTTGGA
>promoter__chr17___16439436____16443036_pos|598|same,0.8413447460685428,-6.30,((...((((.(((.((......))))).))))..))....,GAGGGTTGTGAGGTGCTTGACTGCTCTGATGAAATCACTA
>promoter__chr7___148941042____148941642_pos|445|same,0.8413447460685429,-7.50,.((.((((...(((((((...))).)))))))).))....,AGAGACTCACAGGATAACACagttggtccgagtgttgtgg
>promoter__chr17___19446102____19447302_neg|1106|same,0.15865525393145707,-5.40,((...((((((((.....)))).))))..)).........,GCTGCTCATGATGGCTGGTATCGATGACTGCTACACCTCA
>enhancer__chr6___127360869____127364869_pos|1906|diff,0.15865525393145602,-4.80,.....((((..((((.......))))))))..........,AAACTGCCAAAATATGGTGTGAATGTTGGCCTGACAAATT
>enhancer__chr1___30967579____31009179_neg|40983|diff,0.15865525393145707,-8.30,..(((.((((.((((...........)))))))).)))..,CTTGCCCTCACTTAGACTATAGTTCACTGATGAGAGCATT
>NR_146117_____1|2071|same,0.15865525393145707,-17.30,((((....))))...((((((..((....)).))))))..,GCGGGGCGCCGCGGGACCGCCCTCGTGTCTGTGGCGGTGG
>NR_046235_____3|9597|diff,0.841344746068543,-10.90,(((((((...(((..((.....))..))).)))))))...,GCTGGTTCCCTCCGAAGTTTCCCTCAGGATAGCTGGCGCT
>ENST00000519369_____1|414|same,0.8413447460685429,-3.10,(((((...((((((........))))))...)))))....,GAGGTACCTATTGTGTTGAGTAACGGTGATAATTTTATAC
>ENST00000582126_____1|28|same,0.1586552539314569,-3.60,.......(((.((...)).)))..................,GCAAAAACCCTTGCTACATGGGCAACAAAAGAACTGAGGA
>ENST00000485056_____1|360|diff,0.15865525393145719,-5.40,......((((((..((((((....))))))))).)))...,GAGGCACTGCATTATTTGACCAGAGTTGAAGTGACAGAAT
>enhancer__chr5___136079113____136082913_neg|2428|same,0.15865525393145707,-5.20,(((....((((((..........))))))...))).....,GACCCTTTTATGCAATAAATTCGGTATAATCTGTCACTCT
>enhancer__chr9___14431202____14435402_neg|1390|same,0.8413447460685429,-3.60,.((..((((.......)))).)).................,TGCTCAGCTCTTCAGTAGCTTgccgtgatcgtatagtggt
>NR_146144_____1|4085|diff,0.8413447460685429,-8.40,(((....)))...((.((((........)))).)).....,TCGATTCCGGAGAGGGAGCCTGAGAAACGGCTACCACATC
>NR_046235_____3|1945|same,0.8413447460685429,-12.80,.(((((((((((((.......)).))))..)))))))...,TCACGAGCGACGGTGGTGCGGGCGTGTCGGGTTCGTGGCT
>ENST00000428647_____1|1549|diff,0.15865525393145707,-9.10,..(((((..(((.........))).)))))..........,AGGAGCTGATGGAGCTGAAAACCAAGGCTCGAGAACTACG
>ENST00000573866_____2|37|diff,0.15865525393145707,-6.80,((..((((((.(((((...))))).)))))).))......,GATCATTTCTATAGTGTGTTACTAGAGAAGTTTCTTTGAA
>enhancer__chr1___173867016____173868416_neg|709|diff,0.15865525393145707,-10.30,..(((((((....((((..........))))..))))))),GTGTTGGTAGGGACATCTGAGAGTAATGATGAATGCCAAC
>enhancer__chr9___35657203____35663203_neg|5422|same,0.8413447460685428,-9.10,..((((((....))))))...((....))...........,CAGTGCGTGTCCGCGCACCAACCACACGGGGCTCATTCTC
>NR_145819_____1|2273|diff,0.1586552539314569,-15.60,...((((.((((((((.........))))))))..)))).,CGAGCGGCTCACCGGCTTCACGTCCGTTGGTGGCCCCGCC
>NR_146118_____1|2695|same,0.8413447460685428,-13.40,..(((((((((((........))).)).))))))......,GAGGGGCCCGTGCCTTGGAAAGCGTCGCGGTTCCGGCGGC
>NR_003286_____4|1531|diff,0.8413447460685429,-11.50,........((((((..((((.......))))...)))))),CCGGGGCTGCACGCGCGCTACACTGACTGGCTCAGCGTGT
>ENST00000563151_____1|1258|diff,0.8413447460685429,-0.30,..(((...........................))).....,CTTGCTCTACTCTTTCCCCCCTTCTCACTACTGCACTTGA
>ENST00000456859_____2|575|same,0.8413447460685429,-3.60,...(((((.....))))).(((((...)))))........,TAATTGGCTTAGTGTCGACTTCAATAATTGGAAAGACTGG
>ENST00000370280_____1|392|same,0.8413447460685426,-3.90,..((((((.....)))))).(((((.......)))))...,GGTGATTTTCTTTGAATTAATCCTGGATAATATGGGAGAA
>ENST00000266594_____2|846|same,0.8413447460685429,-0.80,(((.....((((........)))).....)))........,TGCCCCCTGAAACTTATTTTTTTCTGATTGTAACGTTGCT
>ENST00000575447_____1|351|diff,0.8413447460685428,-6.80,........(((((.((........))))))).........,GAAGACTCTCTCCTGGGGAAGATGCTGGAGACGTGTGGAG
>ENST00000478391_____1|46|same,0.15865525393145685,-12.60,(((.((...((.((((((.....)))))))))).)))...,GGCCGTCACCGACAGCCTCAGCCGGGCTGCGACTGTCTTG
>promoter__chr1___244857652____244858252_neg|192|same,0.8413447460685429,-4.80,..........((((.((..............)).))))..,CATCCAGAACGTCCCCTTAGAGGATCGAGTTAGAGGACCA
>enhancer__chr6___26271014____26275014_pos|1933|diff,0.8413447460685429,-3.10,(((..(((......)))(((....))))))..........,ACCAGCATTTTCCTGTGGTCATTTGACGGTATCACTTCGG
>enhancer__chr6___31609065____31623265_pos|14012|same,0.841344746068543,-5.50,...((((.......)))).......(((....))).....,GCTCTGGGTGAACACCAGTTATCCTCCTACAAAGGCGTGT
>enhancer__chr1___8865367____8871567_neg|4413|diff,0.8413447460685429,-6.50,......((((((..((...))..)))).))..........,CCTGTACCGCCACATCGCTGACTTGGCTGGCAACTCTGAA
>enhancer__chr1___228623007____228624207_neg|515|same,0.8413447460685429,-12.40,.((.(((......)))))(((((((.....)))))))...,agtacttggatgggagaccgcctgggaataccgggtgctg
>ENST00000521127_____1|326|same,0.841344746068543,-1.60,..........((((....))))..................,GCCGTTTACCCAGCTGAGGTTGTCTTTGAAGAAATAATTT
>ENST00000544983_____1|509|diff,0.8413447460685429,-5.30,((((..(((.(((........))).))).)))).......,GACAAGCATATGGCTGAACTTTCAAGTGATGTCATCTTAC
>ENST00000587898_____1|130|diff,0.15865525393145707,-10.90,...........(((((((((((....))))..)).))))),TCTATCGCCCAGGCTGGAGTGCAATGGCACGATCTCGGCT
>ENST00000623455_____1|596|same,0.8413447460685429,-8.40,..((((.......))))...(((((...))))).......,AGATGGGGTTTCACCATGTTGGCCAGGCTGGTCTCGAACT
>ENST00000593274_____1|93|diff,0.841344746068543,-3.50,.....(((.((........))..)))..............,GAGAGGGAACCTAGAAGTCGGAATCCGGAAGAAGATCGAA
>ENST00000504343_____1|164|same,0.15865525393145735,-4.40,....((((....(((.((........)).)))))))....,TTTATCAGGAACCAGATGGAACAAGACGGCTGCTGAACTA
>ENST00000478928_____1|815|same,0.8413447460685428,-1.90,...(((.((((....))))..)))................,TCGCTTGCAAAGAGATTTGAAAAGAACTGTAGATGCCCGG
>ENST00000361624_____2|784|same,0.841344746068543,-0.10,((.....(((......)))...))................,CCATATTGTAACTTACTACTCCGGAAAAAAAGAACCATTT
>ENST00000361899_____2|191|diff,0.8413447460685429,-1.40,....................(((.....))).........,ATAACCATACACAACACTAAAGGACGAACCTGATCTCTTA
>ENST00000578794_____1|193|same,0.8413447460685429,0.00,........................................,TTCTTATGTTTATCTTGCTTTTCATGTGTCTTTCTGTAGA
>ENST00000398092_____4|646|same,0.15865525393145707,-7.80,...........((((((...))))))..............,TCCTCAGAACCCTTGGGAAGCCCAAGATCGTCAAAAAGAG
>enhancer__chr1___154207076____154207876_neg|235|same,0.15865525393145707,-5.60,(((((.....))))).............((((....)))),CTCTGTTCTTCAGGGTTAAAGCACGAATTGGGAGCTCTCA
>enhancer__chr1___228625607____228626207_neg|270|same,0.15865525393145696,-12.00,....((.(((......)))))(((((((.....))))))),gttagtacttggatgggagaccgcctgggaataccgggtg
>enhancer__chr12___54234282____54241082_neg|4450|same,0.15865525393145707,-2.80,..((((((((.((..........)).))))))))......,GAGATTTTAGAATAAAAAATATAGTGTTGAGATCCGTACT
>NR_146151_____1|1948|same,0.5,-9.20,............(((((.(((.........))).))))).,CGAGCGACGGTGGTGGTGGCGTGTCGGGTTCGTGGCTGCG
>NR_145819_____1|1948|diff,0.8413447460685429,-10.70,(((((.((((.....(((.....)))...)))).))).)),CGAGCGACGGTGGTGCGGGCGTGTCGGGTTCGTGGCTGCG
>ENST00000605502_____1|420|same,0.15865525393145702,-6.70,..............((((..((((((....)))))))))),TCATGTCTGTAGTTCGTTAATAGAGAAGTTTCTCTGAACG
>ENST00000496850_____1|673|same,0.8413447460685429,-1.50,................(((((..........)))))....,ATTCAAAGAAGACTTCTTATCTGACTGAACTGATAGATCG
>ENST00000330374_____6|2233|same,0.8413447460685426,-3.80,((.(((.(((.(((((.......))))).))).))).)).,TCATAAAAGTCAAATAGCATTTGTGTTTAACTGTTGAGAA
>ENST00000615164_____2|284|same,0.8413447460685429,-3.00,........((((((..((((........)))).)))))).,GTTCTGAAGGTGTTTCTGGAAAACGTGATTCGTGATGCTG
>ENST00000605806_____1|65|same,0.8413447460685428,-7.60,..((((((((((.....)).))))...)))).........,CCCTGGGCGAGGCTTATCCATTGCACTCCGGATGTGCTGA
>T274744|10765|same,0.8413447460685429,-2.80,..............(((.((((((...)))))).)))...,TTTTTGAATTTTTAATAATAGTTATTCTGACTGGTGTGAG
>G033992__chr17___8100551____8128648_pos|25246|same,0.15865525393145707,-14.90,.....(((...((((.(((.......)))))))..)))..,gccacgcgggaggcccgggttcgattcccggccaatgcac
>G087360__chrM___131____1617_neg|1273|same,0.15865525393145707,-4.30,..(((((((........)))))))................,TTGTTTTTGGGGTTTGGCAGAGATGTGTTTAAGTGCTGTG
>promoter__chr5___146466451____146471251_pos|3188|same,0.15865525393145696,-7.20,....((((......))))(((((......)))))......,CTTAGCTGGAGCAACAGCAGTTTCTGAATGGACTGAATAT
>enhancer__chr17___59840458____59842258_pos|787|diff,0.8413447460685429,-3.20,.......(((..(((((.......)))))..)))......,TTTTGCCTACCATCGTGACATCTCCATGGCTGTACCACCT
>enhancer__chr1___228617407____228622007_neg|535|same,0.15865525393145707,-12.40,.((.(((......)))))(((((((.....)))))))...,agtacttggatgggagaccgcctgggaataccgggtgctg
>NR_146148_____1|86|same,0.5,-7.20,..........((((((.....((.....))....)))))),CTAACCAGGATTCCCTCAGTAACGGCGAGTGAACAGGGAA
>NR_146151_____1|7975|same,0.841344746068543,-4.80,......((...((((((........)).)))).....)).,AACTAACCAGGATTCCCTCAGTAACGGCGAGTGAACAGGG
>NR_145822_____1|86|same,0.1586552539314578,-7.20,..........((((((.....((.....))....)))))),CTAACCAGGATTCCCTCAGTAACGGCGAGTGAACAGGGAA
>NR_146118_____1|86|same,0.15865525393145719,-7.20,..........((((((.....((.....))....)))))),CTAACCAGGATTCCCTCAGTAACGGCGAGTGAACAGGGAA
>NR_003287_____4|86|same,0.15865525393145702,-7.20,..........((((((.....((.....))....)))))),CTAACCAGGATTCCCTCAGTAACGGCGAGTGAACAGGGAA
>ENST00000331825_____10|56|diff,0.8413447460685429,-8.50,.....(((((......)))))((((.....))))......,CTTGCTTCAACAGTGTTTGGACGGAACAGATCCGGGGACT
>ENST00000298130_____4|107|same,0.15865525393145752,-9.30,.....((((.((..(((.....))).......)).)))).,TTAGGACGTGAGCGGGCGGCCGGCCGGACAGACTGACGTG
>ENST00000561644_____1|113|diff,0.15865525393145707,-10.70,.....((((((((((....))).)))))))..........,GCTGACGCTGTCCAGGACTCTGAGATGGTGGAACTGGTGG
>ENST00000600213_____3|735|same,0.5,0.00,........................................,TCTACAATCAACCAACAAGCCATTATTACCCTCACTGTTA
>G087360__chrM___9086____9844_neg|232|diff,0.15865525393145719,-10.50,(((((((((........((((....)))))))))))))..,TACTCCTGATGCGAGTAATACGGATGTGTTTAGGAGTGGG
>promoter__chr1___146987842____146992111_pos|970|same,0.8413447460685428,-3.40,.....(((....((.....)).....)))...........,GTAGGGGAATCAGCTTAATGTGTCTGTCCATGTCTGAATT
>promoter__chr1___157707562____157713362_pos|1863|same,0.8413447460685429,-1.30,......(((.....))).......................,TAAAAAGTCAAGAGGACCTACTATAGAAGAACTAACTGAG
>promoter__chr3___107103773____107108773_neg|3661|same,0.841344746068543,-0.20,.................((................))...,CATATTGAAACACTACAGCGCAGGATTGAGGAAGAGCAGA
>enhancer__chr1___234593208____234593808_pos|169|same,0.15865525393145707,-7.50,.......((((((((..........)))))))).......,tgcttcataatcaggtctcacacaccctgattgctcctat
>enhancer__chr2___42269652____42291252_pos|15014|same,0.8413447460685429,-4.70,(((((.....)))))............(((....)))...,CCTGACAAAATTAGGATTGCAACTGGACAGATAGCTGGCG
>enhancer__chr5___313885____323085_pos|1063|same,0.8413447460685429,-1.30,((((........))))........................,TCATTGGAATATGTGACGTAAGCAATAAAGGGAATGTTAG
>enhancer__chr11___33708302____33709502_neg|569|diff,0.15865525393145702,-4.50,........(((..((........))..)))..........,TTTAATGGCATAGGCTGACTTTTGCAGATGGAGGAATTTC
>L1M4c__chr11___65499661____65499925_pos|155|same,0.15865525393145707,-1.70,((((...........)))).....................,agctaggaaacaaaaagctaagggcaaaatgtacaaactt
>L1MEc__chr18___57459071____57459476_pos|231|same,0.8413447460685429,0.00,........................................,tacttatatcagataaaatagactacaaatcaaagactgt
>NR_146151_____1|10584|diff,0.15865525393145602,-12.90,..((((...(((((((.......)))))))))))......,CCTTGGAAAGCGTCGCGGTTCCGGCGGCGTCCGGTGAGCT
>NR_145819_____1|7180|diff,0.15865525393145707,-18.20,(((((((((.((.(((......))).)).)))))))))..,CCGTCGTCGTCGTCGTCGTCGCGCGTCGTCGGCGGTGGGG
>NR_145822_____1|2708|diff,0.8413447460685428,-12.90,..((((...(((((((.......)))))))))))......,CCTTGGAAAGCGTCGCGGTTCCGGCGGCGTCCGGTGAGCT
>ENST00000385255_____3|22|same,0.15865525393145707,-9.30,.(((((((((.............))))..)))))......,GCTGCTTGCCTCCCCCCGTTTTTGGCAATGGTAGAACTCA
>ENST00000524425_____1|689|same,0.15865525393145735,-11.40,..((.(((...((((((((.....))).)))))))).)).,GACGGTGTCTGGCTCTGTCGCCCAGGCTGGAGTGCAGTGG
>ENST00000562594_____2|45|diff,0.15865525393145707,-9.30,.(((((..(((((.......))))))))))..........,CCAGGGTCCTCACCATGTCTGTGAGCTCTGCAACAAAGGT
>ENST00000480615_____1|570|same,0.8413447460685429,-3.80,...............((.((.(((.....))))).))...,AGAAGAATTTCCCCTTTGAGCGTCTGTACGACCTGAATCA
>ENST00000536684_____2|270|diff,0.15865525393145702,-3.30,............((((....((.((....))))...)))),TACCTAAGAACAGCTAAAAGAGCACACCCGTCTATGTAGC
>G043821__chr2___62553434____62561057_neg|355|same,0.15865525393145707,-3.50,........(((((.((((.((....)).)))))))))...,ATCATGAAAATTCTACTTATAACTATAGAAGTGAATTGTG
>promoter__chr1___146992516____146995675_pos|1055|diff,0.841344746068543,-3.40,....(((....((.....)).....)))............,TAGGGGAATCAGCTTAATGTGTCTGTCCATGTCTGAATTT
>promoter__chr19___3414202____3420802_pos|4253|same,0.8413447460685433,-3.70,.......((((((.............))))))........,catatgtggctgtgacccttgtactgATGGCTGTAGAACG
>enhancer__chr1___228609607____228613007_neg|470|same,0.15865525393145707,-12.00,....((.(((......)))))(((((((.....))))))),gttagtacttggatgggagaccgcctgggaataccgggtg
>enhancer__chr1___228609607____228613007_neg|2711|same,0.15865525393145707,-12.00,....((.(((......)))))(((((((.....))))))),gttagtacttggatgggagaccgcctgggaataccgggtg
>enhancer__chr1___228634607____228636607_neg|1708|same,0.15865525393145274,-12.00,....((.(((......)))))(((((((.....))))))),gttagtacttggatgggagaccgcctgggaataccgggtg
>enhancer__chr1___228637607____228645207_neg|3611|same,0.15865525393145752,-12.00,....((.(((......)))))(((((((.....))))))),gttagtacttggatgggagaccgcctgggaataccgggtg
>enhancer__chr1___228637607____228645207_neg|5841|same,0.15865525393145707,-12.10,((((....((.....))..))))((((((.....)))))),ggttagtacttggatgggagaccgcctgggaataccgggt
>enhancer__chr17___81511184____81511584_neg|243|diff,0.15865525393145707,-6.10,(((((..((((......)).))....))))).........,GCGACATCAAGGAGAAGCTGTGCTACGTCGCCCTGGACTT
>L1MEc__chr12___120793783____120794391_neg|84|same,0.15865525393145707,-4.60,....(((((....(((......))).........))))).,ataaagccaaaaaaggttaatccctgttgtctagtggtta
>ENST00000385043_____1|21|same,0.8413447460685429,0.00,........................................,ATCTGTCTGTCTTCTGTATATACCCTGTAGATCCGAATTT
>ENST00000384871_____1|23|same,0.841344746068543,-4.90,.........(((((.((.......))))))).........,GATGTTGGCCTAGTTCTGTGTGGAAGACTAGTGATTTTGT
>ENST00000425296_____1|150|same,0.15865525393145702,-14.20,...........((((((((((((...))))))))))))..,AAAAAGGATGAGTTCATGTCCTTTGCAGGGACATGGATGA
>ENST00000624231_____1|1516|same,0.15865525393145719,-13.00,......((..((((((((((.....)).)))))))).)).,TGATCCGCCCGTCTCAGCCTCTCAAAGTGCTGGGATTGCA
>ENST00000450048_____1|328|diff,0.8413447460685429,-6.10,((((........)))).....((((.......))))....,GTGTAGGTATCGGCACAACTATCCGGATCTGGTGGAACGA
>ENST00000563489_____1|692|diff,0.15865525393145707,-8.50,...(((((((((....)))))).)))..............,AGGTCGGGCAGTGGAGGCTGCTGTGAAAACTCTGGTACGA
>ENST00000584056_____1|260|same,0.15865525393145813,-8.50,.((.(((.(((..((((.......))))..))).))).)),AGTGGCAACATGTGTTGTTTGCTTCAATCGGTGGTGTGAC
>ENST00000465645_____1|48|diff,0.8413447460685426,-9.70,.......(((.((((((((...)))))...))).)))...,CAATGGCAGTGACGGCGTTGGCGGCGCGGACGTGGCTTGG
>ENST00000299157_____4|958|same,0.15865525393145707,-12.80,...((((.(((((((.........))))))))))).....,AACTCAGCTGAGCAGGAAATAAAATTGCTCACTGAACGGC
>ENST00000604975_____1|135|diff,0.841344746068543,-2.80,.((((........))))(((.........)))........,CCATCAAGAAGAAGATGCAGATGCTGAAGCTGGACAAGGA
>ENST00000545075_____2|1370|same,0.15865525393145707,-5.00,.................((((.((....))..))))....,TACGTGATGTGAGTTCAGACCAGAGTAATCCAGGTCGGTT
>ENST00000543500_____2|1426|same,0.8413447460685429,-3.00,.............((((........))))...........,TACTTAACATTCCTCCTACTACGAAAGGACAAGAGAAATA
>ENST00000627253_____1|42|same,0.8413447460685428,-5.70,............(((..((((((....)))))))))....,TTTCTATAGTTTGTTACTAGAGAAGTTTCTCTGAACGTGT
>ENST00000611544_____1|91|same,0.15865525393145707,-5.10,....((((((((...(((.....)))..))))))))....,TCTATCCGAGGACAATATATTAAATGGATTTTTGGAGCAG
>enhancer__chr1___160894162____160897362_pos|1817|same,0.841344746068543,-5.30,..............((((((.......)))))).......,TATGAAGAACAGCTGGGGCGCCTGTATTGTCCTGTGGAAT
>enhancer__chr1___197102424____197103024_neg|334|diff,0.15865525393145719,-6.60,((((((.....))))))........((((...))))....,AGAGTTAGACGGACTCTTAGAAAGATGCAGACTGCAGCAA
>enhancer__chr14___94061548____94064148_neg|1640|same,0.1586552539314574,-7.40,..((..((.((((.....))))...))..)).........,AAGCACCACCTGGAGAGACCAGAACTGAGGCCGGAGCTGA
>enhancer__chr6___27662663____27671263_neg|678|diff,0.15865525393145707,-7.10,..(((((((((....))).))))))...((.....))...,tacggatcagaagattctaggttcgactcctggctggctc
>NR_146154_____1|4227|diff,0.841344746068543,-7.50,.......(((.((.....)).)))((((.......)))).,CAGGTGTCCTAAGGCGAGCTCAGGGAGGACAGAAACCTCC
>NR_145822_____1|4239|diff,0.8413447460685429,-7.50,.......(((.((.....)).)))((((.......)))).,CAGGTGTCCTAAGGCGAGCTCAGGGAGGACAGAAACCTCC
>ENST00000408840_____1|79|same,0.15865525393145752,-10.00,..................((((.(((((...))))))))),CTCGTCTGTGTTGCCAATCGACTCGGCGTGGCGTCGGTCG
>ENST00000385011_____1|26|same,0.8413447460685429,-2.80,............((((((.......)))))).........,GTTGTAACGTTGTCTATATATACCCTGTAGAACCGAATTT
>ENST00000384849_____1|25|same,0.15865525393145707,-5.20,(((....))).....(((((.........)))))......,GGACACCTCCACTCCGTCTACCCAGTGTTTAGACTATCTG
>ENST00000384857_____1|60|same,0.15865525393145707,-6.80,((.((((((........)))))).))...((....))...,CACTCATGTAAACTAAAACATGATTGTAGCCTTTTGGAGT
>ENST00000568314_____1|534|same,0.15865525393145707,-8.80,((((....))))...(((((((((....))))).)).)).,TTCGAATCCGAGTCACGGCATTGTGGGAACAATGGCACGG
>ENST00000579458_____1|733|same,0.15865525393145663,-8.80,......((.((((..(((((....)))))..)))).))..,TCTATAGTTGGTTGTGAGAGAAGTTTCTCTGAACTTGCAG
>ENST00000589496_____2|3490|diff,0.15865525393145707,-2.40,(((((.((......)).)))))..................,TATTGCGGCATTATTCACAATAGCAAAGACTTGGAACCAA
>ENST00000535432_____2|3975|diff,0.15865525393145702,-3.10,........(((((((.((((........))))))))))).,GTTTTCATTTTTGTTGTACGTGTAGATCTGTAAATAAAAT
>ENST00000239223_____3|1510|same,0.15865525393145702,-6.90,(((((....)))))((((((..........))))))....,GTTATGGTGATGACTTAGCGTCAAGACATTTGCTGAACTC
>ENST00000477538_____1|663|same,0.15865525393145707,-12.00,.....((((((((....(((....)))....)).)))))),GTCAAGCCTGAGAATTACAGGAGACTGGACATCGTCAGGT
>ENST00000529500_____1|109|same,0.15865525393145707,-11.60,........(((((((((((.....)).))))))...))).,GGAGGAGATCATCCAGCGCACACGGCTGCTGGACAGTGAG
>ENST00000307630_____4|351|diff,0.8413447460685429,-4.50,..(((((..((((........))))..))...))).....,CTGTCGAATGAGGAACGAAACCTTCTGTCTGTGGCCTACA
>ENST00000396384_____1|1409|diff,0.15865525393145707,-9.20,.....(((((...(((.((.....)).)))....))))).,CTCACCGTGGCTGCTGTCTTCCGTGGTCGGATGTCCATGA
>ENST00000359193_____3|385|same,0.841344746068543,-3.50,...(((.((...)).)))......................,TCAGGCCGTGCTACTGCCCAAAAAGACTGAGAGCCACCAC
>ENST00000615353_____1|712|same,0.8413447460685429,-5.50,.((((.........))))....((((((...))))))...,GCAGACCTTTGTTCTCTGACCACTTGATAATGTCAGGACG
>ENST00000390880_____2|44|diff,0.15865525393145702,-7.10,.(((((((((......(((((....))))))))).))))),TCTATAGTTTGCTACTAGAGAAGTTTCTCTGAACGTGTAG
>ENST00000408534_____2|44|diff,0.15865525393145702,-5.90,......(((((......((((....)))))))))......,TCCTGAGTTCATTACTAGAGAAGTTTCTCTGAACGTGTAG
>ENST00000628329_____1|44|diff,0.15865525393145713,-7.30,.(((((...((((..((((((....))))))))))))))),TCTATAGTGTGTTACTAGAGAAGTTTCTCTGAACGTGTAG
>ENST00000625845_____1|44|diff,0.15865525393145696,-7.30,.(((((...((((..((((((....))))))))))))))),TCTATAGTGTGTTACTAGAGAAGTTTCTCTGAACGTGTAG
>ENST00000577988_____2|44|diff,0.15865525393145702,-7.30,.(((((...((((..((((((....))))))))))))))),TCTATAGTGTGTTACTAGAGAAGTTTCTCTGAACGTGTAG
>ENST00000362899_____2|42|same,0.8413447460685426,-5.70,............(((..((((((....)))))))))....,TTTCTATAGTTTGTTACTAGAGAAGTTTCTCTGAACGTGT
>ENST00000411069_____1|90|same,0.15865525393145707,-3.30,..(((((....)))))........................,CTTTGTCTGAGGACAATATATTAAATGGATTTTTGGAGCA
>ENST00000620268_____1|90|same,0.841344746068543,-5.10,.....((((((((...(((.....)))..))))))))...,CTCTATCCGAGGACAATATATTAAATGGATTTTTGGAGCA
>ENST00000618602_____1|90|same,0.15865525393145696,-5.10,.....((((((((...(((.....)))..))))))))...,CTCTATCCGAGGACAATATATTAAATGGATTTTTGGAGCA
>G087360__chrM___9934____14148_neg|2825|same,0.15865525393145707,-10.80,............(((((((((((....)))))))))))..,ATTAAGTTGTTGGCTCAGGAGTTTGATAGTTCTTGGGCAG
>promoter__chr1___112920332____112922532_neg|462|diff,0.15865525393145735,-9.10,((((((........))))))......(((((....))))),AGTCATGATTGTTGGTGGCTGCTTGTCAGGCTGTGGCTTG
>promoter__chr11___65130977____65132177_neg|669|same,0.841344746068543,-3.60,..(((.....((.((......)).)).....)))......,GAGTGAGAACCCCTGGGACAACAAGGCTGTGTACATGCTC
>enhancer__chr2___46385653____46386653_pos|777|same,0.15865525393145707,-9.60,(((((......))))).((((((((...))))).)))...,TACCCCACACAGGGTGGCAGAACTTGAAGGGTTACTGACG
>enhancer__chr17___41883695____41886695_neg|2477|diff,0.8413447460685428,-4.30,.....((((....(((..(((((...))))).))))))).,CTATCAGGACACTCCAGGAGTCAAAATGATTGTGGTTCTT
>NR_046235_____3|10635|diff,0.1586552539314569,-12.40,(((...(((((((.......))))))))))..........,TGGAAAGCGTCGCGGTTCCGGCGGCGTCCGGTGAGCTCTC
>ENST00000385230_____1|21|same,0.8413447460685429,-10.80,(((...(((((........)))))........))).....,CCCTTTCCCAGGGGAGGGGCTGGGTTTACGTTGGGAGAAC
>ENST00000385300_____1|60|same,0.841344746068543,-5.90,..((...((((........))))...))(((......))),TCTCTGGTCAGTTGGGAGTCTGAGATGAAGCACTGTAGCT
>ENST00000384958_____1|26|same,0.8413447460685429,-3.60,............(((((((((...))))....)))))...,AGTGTGACTCCTGTTCTGTGTATGGCACTGGTAGAATTCA
>ENST00000384863_____1|38|same,0.8413447460685429,-4.50,(((..(((..((.((....))....))....)))..))).,GCCTTCAGAGGACTCCAAGGAACATTCAACGCTGTCGGTG
>ENST00000385135_____1|64|same,0.8413447460685421,-6.30,.......((((.(((((((........))))))).)))).,TTCTGTGTTCGTTAGGCAACAGCTACATTGTCTGCTGGGT
>ENST00000550290_____2|855|diff,0.8413447460685429,-4.50,............((((..(((.....))))))).......,CACTATGTTGCCCAGGCTGGTCTTGAACTCCTGAACTCAA
>ENST00000469163_____1|2982|diff,0.1586552539314574,-6.90,((((((.(((...))).)).)).))(((.......)))..,TCCGGTGGGCTCAGCCGACGTGTGAGACTTGTTCTGTTAC
>ENST00000371554_____2|1003|diff,0.8413447460685429,0.00,........................................,AGGAGGATGACAGCGGTAAGGATAAGAAGAAGAAAACTAA
>ENST00000418808_____1|368|same,0.8413447460685429,-5.40,....(((.((.(((......))))))))............,AAAACAGCTCAGGTTTTATCACCGACTGGGAATAGACAAC
>ENST00000488097_____2|202|diff,0.8413447460685429,-2.70,...(((....)))..(((((...............))))),GCTGTCTCCGGGCTTGTGTGATCCGATCTCTGTACCATAT
>ENST00000361624_____2|1271|same,0.5,0.00,........................................,TTCATCGGCGTAAATCTAACTTTCTTCCCACAACACTTTC
>ENST00000361227_____2|108|same,0.8413447460685429,-1.40,......................((((......))))....,ACATAGAAAAATCCACCCCTTACGAGTGCGGCTTCGACCC
>ENST00000403734_____2|3568|same,0.15865525393145707,-7.10,.....((..(((.((((......)))).)))..)).....,TTCCCGGAAGGAAGTCCAACGAAGGATCTCTGCTCATCAG
>ENST00000579512_____2|266|diff,0.15865525393145707,-8.00,(((....))).......(((((((........))))))).,CGGTGTGCTGAAGGTGTTCCTGGAGAATGTGATTCGGGAC
>ENST00000613412_____1|194|diff,0.15865525393145707,-8.00,(((....))).......(((((((........))))))).,CGGTGTGCTGAAGGTGTTCCTGGAGAATGTGATTCGGGAC
>ENST00000620804_____1|5830|same,0.1586552539314574,-5.00,.........((((...(((......)))...)))).....,ATTTTTGGGATGTGAGGGTGATCTGGCTGCGACATGTGTC
>ENST00000619918_____1|5830|same,0.841344746068543,-5.00,.........((((...(((......)))...)))).....,ATTTTTGGGATGTGAGGGTGATCTGGCTGCGACATGTGTC
>ENST00000616535_____1|91|diff,0.15865525393145707,-5.10,....((((((((...(((.....)))..))))))))....,TCTATCCGAGGACAATATATTAAATGGATTTTTGGAGCAG
>ENST00000619225_____1|91|same,0.15865525393145707,-5.10,....((((((((...(((.....)))..))))))))....,TCTATCCGAGGACAATATATTAAATGGATTTTTGGAGCAG
>ENST00000615427_____1|91|same,0.841344746068543,-5.10,....((((((((...(((.....)))..))))))))....,TCTATCCGAGGACAATATATTAAATGGATTTTTGGAGCAG
>T359140|7347|same,0.15865525393145707,-12.70,(((.(((((((.(((........))).)).))))))))..,GGGTCGGGACTGGTTAGTACTTGGATGGGATTCCGCCTGG
>promoter__chr6___63576777____63582577_pos|670|diff,0.15865525393145707,-4.20,...(((((......))))).....................,TGCCTCTTTTTACTAGGAGAAAGGAATTGAATGCTGAATA
>promoter__chr7___74191198____74195998_pos|3653|same,0.15865525393145707,-8.90,..(((...((((((.......)))))).....))).....,CCCTCCCCTCCGTGGATCCAACATGGATTTCAGAGAACCC
>promoter__chr17___19446102____19447302_neg|756|same,0.15865525393145707,-12.50,.(((((...(((((((((((...))).))))))))))))),TTCTTCCTGGGGGCCTCTCTCAAGGATGAGGTTTTGAAGA
>enhancer__chr1___10159568____10162968_pos|1637|same,0.8413447460685429,-3.40,.((.(((.((((........)))))))))...........,ACACGACGTTTTTGCTCGATGAAAGTCTGGAGTCTCTGAA
>enhancer__chr10___49438342____49442542_pos|2949|same,0.15865525393145707,-8.80,.(((((..((((((.......))))))..)))))......,TTACTACTATTCTGTAAAAATCAGGATTTTAGTGCTTGCC
>enhancer__chr17___8185832____8187632_pos|1382|same,0.15865525393145707,-12.40,......(((..((((((((.......))))).))).))).,gtaaacaggagatcctgggttcgaatcccagcggtgcctc
>enhancer__chr6___26327814____26332214_pos|398|diff,0.15865525393145707,-4.80,..(((..((.....)).)))(((.((....)).)))....,ttcgactcctggctggctcgTTCGACTTTAGTGGAAACTT
>enhancer__chr6___75155044____75157244_neg|724|same,0.5,0.00,........................................,TTCCTTTTATCTCCCAGTATCTCAAGATTCCAAAACCCTG
>NR_145822_____1|2765|same,0.8413447460685429,-11.10,.(((((..((((.........))))...))))).......,ATCCGGGGGAGAGGGTGTAAATCTCGCGCCGGGCCGTACC
>ENST00000362219_____2|27|same,0.8413447460685429,-1.90,((((........))))........................,GAGCCGCCCGCCGTTCCTTTTTCCTATGCATATACTTCTT
>ENST00000521276_____3|46|same,0.15865525393145707,-4.60,((((((............)))))).((.(((...))).)),ctagtatgtctcatcccctactagactgaagctccttgag
>ENST00000567904_____1|883|same,0.1586552539314578,-9.40,..(((.(((.(((((...)))))...))).))).......,CGTACTGGCCGGTCACAGTGGCTCACGCCTGTAATCTCAG
>ENST00000528700_____1|407|diff,0.15865525393145707,-4.00,...(((.(((((...((((....))))...))))))))..,TGGGTTACAAGTGTATAACAAGTGTTGGAAGTTTGAGCAT
>ENST00000596983_____1|214|diff,0.15865525393145735,-12.90,.(((.(((((..(((((......))))).)))))..))).,TTTGGCAGCGGGCATGGCGGGTACCGTGGTGCTGGACGAT
>ENST00000272233_____5|1491|same,0.8413447460685429,-0.10,........(((((......)))))................,ATATAAATATAGATATAATTTTATTTTCGGAGCTAAGATG
>ENST00000565907_____1|360|diff,0.8413447460685429,-2.40,....(((((.......)))))(((...........)))..,ACATGATAATGTATTTTTGTCCTCTAAGAAGTTCTGAGCT
>ENST00000304218_____5|40|diff,0.8413447460685429,-2.30,....((..((...((....(((...))))).))..))...,TCACGCTTGCCTTCAACATGTCCGAGACTGCGCCTGCCGC
>ENST00000306984_____6|5505|same,0.15865525393145813,-5.40,(((((((((....)))))))))..................,TAATTGATTGTTCAGTCAGTTACAGATCGAACTCTTTGTT
>ENST00000552266_____1|42|same,0.15865525393145707,-4.20,.........(((....)))....((((....)))).....,TTTACAAACGAGACCCCTCTAAACAGTATGGACTGAAAAT
>ENST00000361624_____2|706|diff,0.15865525393145707,-2.20,..................((((....))))..........,TCTATACCAACACCTATTCTGATTTTTCGGTCACCCTGAA
>ENST00000613956_____1|93|same,0.15865525393145707,-5.60,((.((((((((...(((.....)))..))))))))..)).,CTATCCGAGGACAATATATTAAATGGATTTTTGGAGCAGG
>G033992__chr17___7059204____7094003_pos|10179|same,0.15865525393145707,-3.40,(((((.....))))).........................,CAAGATTTTTTCTTGCAAAAAAAAGACTTTTTCTCTGACC
>promoter__chr11___65423577____65427177_pos|3005|same,0.8413447460685428,-2.30,...........(((.((((.........)))).)))....,CCCTATCACATTGCCTTCATAACGACTTTGGATGTATCTT
>promoter__chr3___12788301____12788901_neg|267|diff,0.15865525393145707,-5.10,.....(((.....((((.....))))....))).......,CTCCACCTTCTCCACCAACTACTGGTCCCTGGGCTCTGTC
>enhancer__chr1___227558253____227561053_pos|99|same,0.8413447460685429,-8.60,.(((((..(((..............))).)))))......,ctcagtttcccacaacaGAAATACCGGGTGCTGAAGGCTT
>enhancer__chr14___102026957____102030357_pos|2705|same,0.15865525393145707,-7.70,..(((.((((......))))...)))..............,GAGCGAGCTGGAGGAGCAGCAGATGCACTTGAACGTGGGG
>enhancer__chr12___73188286____73191886_neg|125|same,0.5,0.00,........................................,attctaccaacttctgactcttttgatgactgttcttcct
>enhancer__chr7___6028517____6029917_neg|966|same,0.841344746068543,-0.80,............(((..................)))....,CCTGCACAGACATCCTACAGAAGAACACAGACTGGACCAA
>NR_046235_____3|1793|same,0.15865525393145707,-8.80,.......(((((.((.((........)).)).))).))..,GCTCTCCGCCCGCTCCCGTGCCGAGTCGTGACCGGTGCCG
>ENST00000583845_____1|24|same,0.15865525393145707,-10.50,(((....))).....((((((((........)))))))).,ggtgtgtgcctgtagtcttagctactcgggaggctgaggg
>ENST00000384849_____1|63|same,0.15865525393145707,-6.10,............((((..(((.(((....))).))))))),TGTTCAGGACTCCCAAATTGTACAGTAGTCTGCACATTGG
>ENST00000559909_____1|108|same,0.8413447460685426,-9.60,.........((((((..((((.......))))))))))..,CACCCGTCTTCTGCGTCGCTCACGCTGGGAGCTGTAGACC
>ENST00000563192_____1|59|diff,0.15865525393145713,-7.50,...(((((...(((.(((......))).)))...))))).,TACGTTCGCCATGTGCTACGATCTTGGGACGAACTGAGCC
>ENST00000624350_____1|7335|diff,0.8413447460685429,-1.10,(((................)))..................,TGCGGCACTATTCACAATAGCAAAGACTTGGAACCAACCC
>ENST00000636386_____1|2605|diff,0.15865525393145707,-1.00,...((..(((.((...........))..)))..)).....,TGAGGCACTATTCACAATAGCAAAGACTTGGAACCAACCC
>ENST00000324460_____6|337|same,0.15865525393145707,-16.90,...((((.(((.((((.((((....))))))))))))))),CTACTCCTGCGTCGGCGTGTTCAAGAACGGCCGCGTGGAG
>ENST00000481288_____1|330|diff,0.8413447460685451,-5.60,.(((.....(((....((((...))))))).....)))..,AAGTGGTTGCCATAAAGATCATTGATCTGGAAGAAGCTGA
>ENST00000488093_____1|50|same,0.8413447460685429,-6.00,......(((((.....((((.....))))....)))))..,CCCTTCTAGGTACAAGCAGAATCGATCTGGTCGGCTTACC
>ENST00000582126_____1|465|same,0.15865525393145707,-8.80,........((((((.((((.......)).)).))))))..,AGGGACTGGGTTCAAAGTCAAGTGCCGATCTATGAACCAG
>ENST00000593853_____1|58|same,0.8413447460685429,-3.60,..........((.((((............)))))).....,ACCTGCCCCCCATGCGGAAGATAGACGGCCTGCTGAATGA
>ENST00000343677_____3|174|same,0.8413447460685429,-12.00,.((((((...(((((...)))))..)))))).........,AAGAGCGTAGCGGAGTTTCTCTGGCTGCTCTGAAAAAAGC
>ENST00000600213_____3|236|same,0.15865525393145707,-2.30,.......((((..((.........)).....)))).....,GAACCAAAGCTAAGGCCCCCGAAACCAGACGAGCTACCTA
>ENST00000410695_____1|78|same,0.8413447460685429,-3.30,((.((((((((...(((.....)))..))))))))..)).,CTATCTGAGGACAGTATGTTAAATGGATTTTTGGAGCAGG
>T198785|2818|same,0.1586552539314569,-11.90,................(((((((.....))))))).....,TATTTGGATGGGAGACCACCCGGGAATACTGGGTGCTGTA
>promoter__chr2___202925787____202930187_pos|235|diff,0.8413447460685429,-12.50,...(((((...))))).(((((.(((....))).))))).,TTCAGCTGCACCAGCTCCTTCAGGGCCGTGGTTGTGAAGA
>promoter__chr6___26021614____26022414_pos|56|diff,0.8413447460685429,-4.50,.........(((((((((....))))).......))))..,TTGCTCTTGGTTCACTTCTTGGGAAGTCATGTCTGGACGT
>promoter__chr19___7886915____7887115_neg|115|same,0.1586552539314574,-8.00,..(((((.(((....))).)))))................,tacttggatgggagaccacctaggaataccgggtgctgta
>enhancer__chr3___50419761____50420561_pos|121|same,0.8413447460685429,-3.60,...((((.((((((((.....))).....))).)))))).,atgggagaccacatgggaaaactgggtgctgtaggctttA
>enhancer__chr7___55773119____55773719_pos|133|diff,0.841344746068543,-3.30,...(((....(((..((((.......)).))..)))))).,ACGCCAAATGGTATATCACTGATTTTGTAGAGCTGCTGGG
>enhancer__chr17___64760038____64763238_neg|732|same,0.15865525393145707,-7.30,.(((.(((((.((((....))))...)))))..)))....,AGAGAAGGCATCTTGCACATAAGTTCTGTCTGACTCCAGC
>enhancer__chr17___82490840____82494840_neg|112|same,0.8413447460685426,-5.10,...(((((.......)))))....................,gtcgatggatcgaaaccatcctctgctaTAGACTCCCTTT
>enhancer__chr6___26327814____26332214_neg|752|same,0.15865525393145719,-6.10,..((((........(((((.......)))))...))))..,cagatcagaaggttgcgtgttcaaatcacgtcggggtcaa
>enhancer__chr7___131500761____131500961_neg|80|same,0.15865525393145707,-4.30,..((((......((((........))))......))))..,ggacagaaacaagattaaaacctggatccacagactGTGC
>enhancer__chr8___127195391____127197991_neg|1567|same,0.8413447460685429,-5.10,.(((((((..((((......)))).....)))))))....,TCTTTTGCTTTAGTTTCTTTACTATGACTGTGAGGGTGAA
>NR_146144_____1|9170|same,0.15865525393145696,-9.10,........(((((.......))).))..((((....)))),GAGGGGGACGGCGGAGCGAGCGCACGGGGTCGGCGGCGAC
>NR_145819_____1|9199|same,0.8413447460685429,-9.10,........(((((.......))).))..((((....)))),GAGGGGGACGGCGGAGCGAGCGCACGGGGTCGGCGGCGAC
>NR_146117_____1|9206|same,0.8413447460685429,-9.10,........(((((.......))).))..((((....)))),GAGGGGGACGGCGGAGCGAGCGCACGGGGTCGGCGGCGAC
>NR_046235_____3|9199|same,0.8413447460685435,-9.10,........(((((.......))).))..((((....)))),GAGGGGGACGGCGGAGCGAGCGCACGGGGTCGGCGGCGAC
>ENST00000384890_____1|24|same,0.15865525393145707,-14.00,...((((((((((((......))))).....))).)))).,cacctcagcctcccaaaatgctgggattacaggcatgagc
>ENST00000408826_____1|60|same,0.8413447460685429,-9.50,(((((.((((....)).)))))))...((((...))))..,cagtgagccaagattgcgccactgcactccagcctgggcg
>ENST00000517300_____1|54|diff,0.15865525393145707,-9.70,...........((((((((((...)))))...)))))...,TCCCATTGATCGCCAGGGTTGATTCGGCTGATCTGGCTGG
>ENST00000558875_____1|343|same,0.8413447460685431,-11.50,.(((...)))..(((((((((.........)).))))))),CCCAGGCTGGAGTGCAGTGGTGCGATCTTGACTCACTGCA
>ENST00000540040_____2|561|diff,0.5,0.00,........................................,CCCAAAAAATTCCAAACACATAACTGAACTCCTCACATCA
>8414|37|same,0.1586552539314564,-10.80,.....((.(((.(((((........)))))..)))..)).,GGTTAGCGCGCGGTACTTATATGACAGTGCGAGCGGAGCA
>T122847|1624|same,0.8413447460685429,-12.80,..(((((....((((((.........)))))))))))...,CAGTGGGCCCTGGTGCCACAATGCCCGGCATCTCCACCAG
>G004234__chr21___8211306____8254591_neg|13060|same,0.8413447460685428,-6.50,................(((.((((.....)))).)))...,CTAGCTTCTCACCACTGCAATACCGGTTGGGTACTGTGCC
>promoter__chr17___8176032____8187032_pos|10378|same,0.15865525393145707,-6.10,..((((........(((((.......)))))...))))..,cagatcagaaggttgcgtgttcaaatcacgtcggggtcaG
>enhancer__chr14___64397576____64415776_pos|13546|same,0.841344746068543,-2.80,.......((..(((((((....))))))).))........,ATGATTCCAATCTTTATATAAATGTGAAGCTGAAGGCTGC
>enhancer__chr8___127217791____127221391_neg|674|diff,0.8413447460685429,-12.60,(((((.(((...)))...)))))(((......))).....,CCTCCACCAAGATGGGAAGGAGGGCTGATCTGAGCATTCA
>L2c__chrX___74218419____74218583_neg|115|same,0.15865525393145707,-5.50,.............(((((......)))))...........,ctttgtattcacagtgcctaatccggtgcacattgtaggc
>ENST00000605948_____1|936|same,0.8413447460685428,-7.30,...............(((((((......))))))).....,TACTTTAAAAAGCAAGCTTTGGCTGGTCCCAAGGTAGTGA
>ENST00000532068_____1|650|same,0.8413447460685429,-3.20,..((((.......))))(((....))).............,CTGCATCCTGGCTGTGCCCACCTCTGGACTCTGAATCTCT
>ENST00000559857_____1|571|same,0.15865525393145707,-8.30,....(((.(((........))))))(((((....))))).,CGATGCTGAACTTGGACCTGTTGGCTGTGTGTGAGCACAG
>ENST00000630360_____1|1018|same,0.8413447460685429,0.00,........................................,TGCTCCTCCTCCCCACCCCCATCCCATCCTCGCCGCCACC
>ENST00000377191_____4|3089|diff,0.8413447460685429,-0.80,..(((......((....))........)))..........,CTGTGTATATTTCTACTGATCTGATCTCACTGTTTATGTT
>ENST00000367875_____1|719|same,0.8413447460685429,-4.20,...((((....)))).((((..........))))......,CAAGGAGGCACCTCTGCAGAAAATGAAGAATCTGACGTAA
>ENST00000531767_____1|81|diff,0.8413447460685435,-8.90,...(((((((........)))))))...............,TCGCCATGGGCCGTGTGATCCGTGGACAGAGGAAGGGCGC
>ENST00000594885_____1|87|diff,0.15865525393145696,-7.60,((((.....(((((...))))).......)))).......,ACCGCCATCCGCCACCATGGTGAACTTCACGGTAGACCAG
>ENST00000329819_____4|302|diff,0.15865525393145707,-4.80,....((((((((.....(((...)))....))))))))..,CCAAGATTTTAGTGAAGCCTGACAGGACATTTGAAATTAA
>ENST00000325630_____2|237|diff,0.841344746068543,-3.30,(((..(((....)))..)))..((.((....)).))....,GGACAAAGCAGCCTTGATCTGAGTGAGCTAACTGACACAA
>ENST00000549754_____1|292|same,0.8413447460685429,-9.40,...((((..(((((.............)))))..))))..,GATGCAGACCCACATCTCAGACACATCTGTGGTGCTGTCC
>ENST00000541790_____3|28|diff,0.841344746068543,-4.70,.((((..........)))).((((((........)))))),AAGTGCGTTCATTCTCACTGCTGTTATTGTTTTCTGACAG
>G004492__chr1___148279544____148286961_pos|1801|same,0.15865525393145713,-12.60,...((((..(((((((....))))...))).....)))).,CTAGAGCAAGCTCCGCCATCGCGGTTTAGCCTGTGGCTCg
>G004418__chr1___148279544____148286961_pos|1801|same,0.15865525393145707,-12.60,...((((..(((((((....))))...))).....)))).,CTAGAGCAAGCTCCGCCATCGCGGTTTAGCCTGTGGCTCg
>G004397__chr1___148279544____148286961_pos|1801|same,0.15865525393145707,-12.60,...((((..(((((((....))))...))).....)))).,CTAGAGCAAGCTCCGCCATCGCGGTTTAGCCTGTGGCTCg
>G078490__chr7___47582558____47607948_neg|10788|same,0.8413447460685429,-5.20,.......(((.(((....((...))))).)))........,gtttacactcaccttccaggatcccgggcgagcccccagt
>G087360__chrM___9086____9844_neg|205|diff,0.15865525393145707,-8.00,.............(((((((...........))))).)).,TAGACTATGGTGAGCTCAGGTGATTGATACTCCTGATGCG
>promoter__chr10___124364651____124365451_pos|745|same,0.15865525393145707,-6.90,....(((.((((....)))).)))................,AGCCCAGCTCCTTGCAGGGAACTGAACTCCTCCCACCCGC
>promoter__chr14___35435892____35436692_pos|502|same,0.8413447460685429,0.00,........................................,tttaattccagaatatttttgtcaccccataaacaccacc
>promoter__chr17___63854326____63855126_pos|191|same,0.8413447460685429,-0.40,......((..(((........)))..))............,ATGGAGGCAAACTAGTAAAAAGGTAAGTAGAATACAACTT
>promoter__chr19___40733215____40734815_pos|1025|same,0.8413447460685429,-4.50,(((((.((((.(((...)))..)))).)))))........,cacagctatgtaacactgtttttgtgactgtgcctggtcc
>promoter__chr12___6579912____6582912_neg|1422|diff,0.8413447460685429,-4.20,..........((.(((((........)))))..)).....,AGAATAGGGCTGGCTCTTAAAGGCACGAGAGGACAATTTA
>promoter__chr7___144723241____144726441_neg|1163|same,0.15865525393145707,-4.70,.................(((((.((....)))))))....,tcatttaactcttaccctgagaagcaggtgctcttattat
>enhancer__chr19___43647796____43650996_pos|1255|same,0.15865525393145702,-10.00,((.(((((.((..(((....)))..)).)))))...))..,GTACAGCAGGAGACATCAATGTGGTTCATGCTGAAGGCGT
>enhancer__chr7___94221416____94224816_pos|2901|same,0.841344746068543,-2.40,.....(((((((................))))))).....,TATTCTTGTTTAGGATTTCTAGTGCACATGGACGAACATT
>enhancer__chr8___32114200____32115200_pos|520|same,0.8413447460685429,-5.80,((((((..(((..((........)).)))...))))))..,GAGGAACAACAAAGAGCTATAGGTCATGTGGATTTCTCTG
>enhancer__chr2___238211281____238211881_neg|383|same,0.15865525393145707,-14.80,....(((.(((((((..((....))...))))))).))).,aaactagagggtccccagacatctcggtgggacctcctaa
>enhancer__chr6___134173276____134176076_neg|1222|same,0.8413447460685429,-12.80,(((.(((((.......))))).)))...............,GGCCTGGCGCAGCATACGCCGAGCCGGTCTTTGAGCGCTA
>MIR__chr10___17343872____17344132_neg|97|same,0.841344746068543,-4.50,..........((((((..((......)).)).))))....,ctgtgtgacctcaggcaagtaacttcaccgctctgaccca
>MLT1L__chr17___9457635____9457927_neg|184|same,0.8413447460685429,-3.00,.......................(((((.......))))),ccttttttattcctctacaaagtatgtctggatgtggcat
>NR_003287_____4|1275|same,0.8413447460685426,-9.10,........(((((.......))).))..((((....)))),GAGGGGGACGGCGGAGCGAGCGCACGGGGTCGGCGGCGAC
>ENST00000452982_____1|85|same,0.15865525393145707,-10.50,((((...(((((.....)))))...))))...........,AGCCCGAGAAGCCAGCAGCTTCCCCGGCTCCTCCACCAAG
>ENST00000431311_____1|205|same,0.15865525393145707,-6.90,((((....((((......))))...))))...........,GCTGACAGATGCATCTCAGTATGCCCGGCACCTCCACCAC
>ENST00000623126_____1|2856|same,0.15865525393145707,-15.50,.((((....))))((((((((......)))))))).....,CCAGGGACCCCTGAGAACAGAGAGGAGTCTGTTCTGTCAG
>ENST00000623414_____1|2217|same,0.8413447460685429,-6.10,..(((....)))...((((.....))))............,TGGGCACCCGCCACCAGCTCCCCCAGCTTCTCCACCAGGC
>ENST00000634783_____1|445|same,0.15865525393145696,-1.70,(((...(((..((....))..))))))(((......))).,GCAAATCACCTTTAAAAGACTGTGTGCCTGTAATCCCAGC
>ENST00000266079_____4|2447|same,0.8413447460685429,-8.20,...........((.((((((........))))))...)).,AACCCAAAGAACCCTGGGCTGTGGTTGGAGTCCGTGCGGC
>ENST00000320431_____7|665|same,0.15865525393145707,-7.70,...(((((((..(((....)))....))))))).......,TTCTGTTCAATAACCGCTTGGTGCACTTGGACGAGCATGC
>ENST00000368172_____1|2635|same,0.841344746068543,-6.00,((((.....((((..........))))....)))).....,GAGTGGTGAGGTAGGGGTGGGGGTGCTGTAGGCTCTTTTT
>T125535|11184|same,0.8413447460685428,-2.90,............(((.(((.......)))..)))......,AAATAAATAAACAGAAACCAGAATCGGGTGCTCTTATAAG
>G033992__chr17___22520709____22523110_pos|1769|same,0.15865525393145696,-3.20,...(((.......)))...((((....)))).........,CTAGTTGATATAAAACAAACTACGAAAGTGGCTTTAATAT
>G041621__chr19___49590262____49625993_neg|9776|same,0.841344746068543,-14.60,.....(((.(((((((..((....))...))))))).))),GGCTGCCTAGGGCCTCACCGTCCTCGCTGGGGGCTCCAGG
>G087360__chrM___9934____14148_neg|3158|diff,0.8413447460685435,-7.20,..((((((......))))))....................,AAGTGGCGTTGGCTTGCCATGATTGTGAGGGGTAGGAGTC
>promoter__chr11___62853976____62857176_pos|2198|same,0.15865525393145696,-8.40,..((((.(((.....))).))))...((((...))))...,GAGATCACTGCCTCACGGCGATCCTGGACTGACGGTCACG
>promoter__chr6___27794263____27796263_neg|388|same,0.8413447460685429,-8.30,.(((......(((((.......)))))..)))........,atccagcgatccgagttcaaatctcggtgggaccttcTTG
>promoter__chr9___35738003____35738603_neg|358|diff,0.1586552539314569,-4.70,(((......)))........((((((((...))))).))),GGCCAAGAAGCCTATGAGAGACTGCTGTGGAATGGTGAGT
>enhancer__chr1___204516226____204516826_pos|210|same,0.841344746068543,-2.70,.................(((...((.........))))).,TTTCAAAATGCTGCCGAGGCCCTAGGATCTGTGACTGCCA
>enhancer__chr13___47383063____47387463_pos|1717|same,0.15865525393145702,-3.00,..............(((((....)))))(((...)))...,atcaagatgcctgaatagaaatctctgtggaacctccctg
>enhancer__chr13___109537451____109538451_pos|461|same,0.8413447460685429,-6.10,.(((........)))((((((((....))))).....))),TGCTTTGATCGTAGCCCCGTTCTCTGTGGGACCTCCAGGG
>enhancer__chr5___181171588____181175588_pos|2119|same,0.841344746068543,-11.60,.....((((((((((((...))))))).)).....)))..,gcgaaaggtccccggttcgaaaccgggcggaaacaccTCC
>NR_146144_____1|6949|same,0.8413447460685434,-7.80,....................((((.((.....)).)))).,GGGGGGGAGAGGGGGGCGCGCCCGGCTGAGAGAGACGGGG
>NR_146151_____1|6937|same,0.841344746068543,-7.80,....................((((.((.....)).)))).,GGGGGGGAGAGGGGGGCGCGCCCGGCTGAGAGAGACGGGG
>NR_145819_____1|6481|diff,0.841344746068543,-8.90,(((((.((..........))...)))))(((...)))...,CGGTCCCGTTTGCTGTCTCGTCTGGCCGGCCTGAGGCAAC
>NR_146117_____1|2129|diff,0.8413447460685429,-8.70,.......(((.(((....(((...)))......))).))),TCCTGGTGGCCCGGCCGTGCCTGAGGTTTCTCCCCGAGCC
>ENST00000579544_____1|72|same,0.15865525393145674,-8.90,..((((.(((.((((.......))))...)))..))))..,gctagaccacatgggttcagatcccagcggtgcctctaac
>ENST00000420876_____1|327|same,0.15865525393145707,-6.00,((((((.........))))))...................,GAACCTAAGAGAAGCAGGTTCTGCTCTGATGAACTCCCAT
>ENST00000421530_____1|1737|same,0.8413447460685426,-1.20,.................((((...))))............,AAAAGGACCACAAAGATGAAGCCACTTCTGACACCAAAGG
>ENST00000517346_____1|56|same,0.8413447460685429,-7.10,...((((((.((.((....)).))...)))))).......,GTTCTATAGCTCGAGAAGCCTGGAACTCTGTGGTCCTGCA
>ENST00000628396_____1|597|same,0.5,-2.10,.......(((..((........))..)))...........,CACAGAAACTATGGGAACTGAACTGGAGTATGAGCCAATT
>ENST00000600813_____1|338|same,0.841344746068543,-2.90,..............((((..((.....))...))))....,GTCAAGAAGATACCAGTGGAAGAGGGGCTGTGCACTACAA
>ENST00000602385_____1|406|same,0.15865525393145719,-14.40,(((((.....(((((.((......)).))))))))))...,GTCCCCGCGCGCGGCGCGATTCCCTGAGCTGTGGGACGTG
>ENST00000604271_____2|527|same,0.15865525393145707,-5.10,.(((..((((........))))..))).............,GGAAAACTGGCCCTCGCCCCAGGATTTGTAAACAGCACAA
>ENST00000618589_____1|45|same,0.15865525393145713,-6.40,..((((((....)))))).......((((...))))....,ATGATCACGAAGGTGGTTTTTCTCAGGGCGAAGCTTATCC
>ENST00000616097_____1|64|same,0.8413447460685429,-5.50,..(((((........)))))......(((....)))....,GCTCTCAAGGAATTATGAGATTAGACTGGCTCACCAAGAG
>ENST00000217420_____1|548|same,0.841344746068543,-11.90,((((((...)))))).(((.(((........)))...))),GCGGAGCTCCTCTGCCGCCCTCCGGCTCCAAGGACCAGGT
>ENST00000492928_____1|59|diff,0.15865525393145707,-7.80,..((((..((((.....))))...))))............,ATCAGCACTCTCCACCCGAGACCGGCTGTTGCTAGACAAG
>ENST00000381033_____4|2210|same,0.841344746068543,-3.70,.........((((....((((.......))))...)))).,CGTAATTCCTGTTCCGAGGTAGAGGCTGTGCTGAAGACAA
>ENST00000511088_____1|46|same,0.15865525393145707,-4.80,................((((.....))))...........,AAACAAACAAACAAAACCCACTAGCTGGGGCCTCCATTTC
>ENST00000562619_____1|6933|same,0.15865525393145685,-18.30,..(((..((((((((((...)))).)))))))))......,TGCCCTGGCCCCACCTATCCTAGGATGGGGTGGGATGGAG
>ENST00000488285_____1|2247|same,0.841344746068543,-7.70,.((((((.......)))))).((........)).......,GGGGACTGCTCCGAAGTTCCACCAAGACTGAGGCTTTCTA
>ENST00000490092_____1|212|same,0.15865525393145707,-12.40,....((((.((..((((((.....)))))))).))))...,CATCCTGGCGCAGCTGAACCCCCTGTTCGGGCCCCAGCTG
>ENST00000496890_____1|90|same,0.841344746068543,-5.30,.(((.((....((......))..)).)))...........,CCCCCGCTCCCGCCCCTTCGCTCGTTGGGACCTCCAGGAC
>ENST00000537388_____1|2328|same,0.8413447460685429,-4.90,..........(((..(((.(((...)))..)))..)))..,AGGAAGTAAAATGGCAGGGGCAGAGTGCAGCTTAACATGT
>ENST00000628156_____1|989|same,0.15865525393145707,-4.30,((((..((.......((((......))))...))..)))),GTACTCGGTCCAATTGGCCTATACTGGTTTCTCTTCGTAC
>ENST00000620438_____1|643|same,0.8413447460685429,-6.40,(((.((((((...)))))).))).................,ATCGGGGTAGAAACTGCTCAGGTGATGTAGCTCAGTAATG
>ENST00000637503_____1|336|same,0.8413447460685429,-8.90,...(((....))).....((((.((........)).)))),CCAAGGGAGCCCTGTGTCGGCCCGGACAATGCACCAGGCT
>T156338|6423|same,0.8413447460685429,-17.50,((((....))))(((((((((..((...)).))))))))),GGGGCCTCCTCCCACTGGGGGCCGGGTGCCTCCTCCAGTG
>G078490__chr7___23181582____23275064_neg|92757|same,0.15865525393145707,-15.00,.((...((((.(((((......))))).)))).)).....,CGGCAAGGCCGCGACGCGGGCACGTTGGGGTCACCAGCAG
>G078490__chr7___37547398____37585499_neg|35740|same,0.15865525393145702,-2.70,....(((..(((((........)))))...))).......,TCATTccaataaatcttttcatgtttagacggactcaagc
>G078490__chr7___56092996____56101568_neg|5033|same,0.8413447460685429,-2.50,((((.............................))))...,CCTGGCATATGAAACTCCTCACAATAGAAACTGCAGGCTG
>G078490__chr7___97773506____97851687_neg|10681|same,0.8413447460685429,-8.90,...(((((((.((....)))).))))).............,gtgcagtggcgcaatcttggctcgctggaacctccacctc
>promoter__chr1___25900735____25901935_neg|422|diff,0.8413447460685429,-5.90,.......((((((....(((...)))..))))))......,AGAGGCACAAATGGCTGCCAAACTGGAACGTTTGCGAGAG
>enhancer__chr2___39522251____39529651_pos|5450|same,0.15865525393145707,-11.80,.(((..((((((..(((......)))..))))))..))).,gcttcctcagggctgtctttcttgacctctctgaccaggg
>enhancer__chr14___102076557____102082557_neg|1092|diff,0.15865525393145735,-5.20,........((.((((((..........)))))).))....,AGATTGGGGTAACGTGCACTGTAAGACGTATGTAACATGA
>NR_146148_____1|970|diff,0.8413447460685429,-12.30,(((((.((((..(((....))).))))....)))))....,GGGAGCGAGACCCGTCGCCGCGCTCTCCCCCCTCCCGGCG
>ENST00000315707_____3|659|same,0.8413447460685429,-14.30,..(((.(((.(((((.......)))))....))))))...,GCGAGAGGTCCCGGGTTCAAATCCCGGACGAGCCCTCCTT
>ENST00000457668_____1|1551|same,0.8413447460685429,-7.50,....(((((((.(((.......)))..)))))))......,GGGGCTCAGATGATTCTCTAAAAATGTGTCTGAGGAAGTG
>ENST00000441531_____1|1450|same,0.15865525393145707,-11.70,.((((((.....)))))).....((((....)))).....,CCACAGTGATAGACTGTGATAACGGAAGTAATTCCATATC
>ENST00000448672_____1|197|same,0.15865525393145702,-10.60,((.(((....))).))..((.(((((....))))).))..,CCTCACTCTGGTGTGGACTTGAAGAGGGTGCTCTTGGATC
>ENST00000515733_____1|125|same,0.15865525393145707,-12.20,(((((....(((((..(((....))).))))).)))))..,GTTCCCATACAGATAACTCCTCTGAGGATCTGAGGAACAT
>ENST00000538077_____2|4997|same,0.8413447460685426,-10.90,(((((((....)))))))((..((........))..))..,ACTGGGTCACTGCCTAGTGGAGCTGTAAGAAGAGGGCCAC
>ENST00000575487_____1|98|same,0.15865525393145702,-13.80,.((.((...((((((((....))))))))...))..))..,AGCCGCCTTGCAGTTTGATCTCAGACTGCTGTGCTAGCCA
>ENST00000575693_____1|128|same,0.8413447460685419,-2.50,.............((((....))))...............,GATAGTTAAGACCCTTGGAATCAAGATTAAGAGAACCATC
>ENST00000632058_____1|1185|same,0.8413447460685429,-15.50,....(((.((((((((......))))))))))).......,CAGCGGCCTCTTCTGGCAGCTTCCGGAGGAGCCCCCACTT
>ENST00000589723_____1|2297|same,0.15865525393145707,-15.40,((.((....(((((((((....)))).)))))...)))).,GCTCTCGTTTTCCCCACCTTCCGGTGAGGGAACCAAGGCA
>ENST00000597346_____1|1498|same,0.15865525393145663,-7.90,......((((((.((....((....))....)).)))))),TCACCTGCCAGGTGAGAGGTAGTGGTAGAAGTCTCTTGGT
>ENST00000610278_____1|342|same,0.15865525393145707,-4.20,.......(((((.(((...........))).)))))....,ATTCTGTGATTGTGCCTGTTTCCCTGTGGTCTGGTCCTGT
>ENST00000612143_____1|2625|same,0.841344746068543,-9.70,.......((.(((((((.((.....))..))))))).)).,GGTCAGCTGGGGCTGGAAGCTTCCTGTGGTCTAGTCACAC
>ENST00000641122_____1|2556|diff,0.15865525393145707,-3.30,((((....))))........((.(((.......)))))..,TTGCTCTTGCGATAGTTTACTGAGAATGATGATTTCCAAT
>ENST00000475871_____1|234|same,0.15865525393145707,-11.50,..(((.....)))(((((((((((....)))))).))))),TTGCTGGAAGAGCGCTGCTGGGGTTAGGATTCTGCGCGGC
>ENST00000605930_____2|995|diff,0.8413447460685429,-4.90,.((((..((.((.............)).))..))))....,TCCTGACGTGTGACGAGTACAAGGGCAAGCTGCAGGTGTT
>ENST00000476008_____1|237|same,0.8413447460685429,-8.70,...((((....)))).....(((((((......))))))),CAGCCTTGCAAGGGGACAGAAGACGGGCTCAAATCTGTCT
>ENST00000463972_____1|30|same,0.15865525393145696,-12.60,.(((((((((.(((.......))).)).))))))).....,CAGGGCCCCATTCTGTCTGTGGGACTGTGGGTTCTCAGTG
>ENST00000528017_____1|3660|same,0.8413447460685429,-5.10,..(((((..........)))))......((((....)))),TCTCTGCCGCACACACAGCAGGATTCCTGGTTTTCAAGCC
>ENST00000287934_____3|6117|same,0.8413447460685429,-5.30,.((.....((((..(((....))).)))).....))....,CTGTAAGTACTGAAGCCTTCTGGTGTAGTTGTATCACCTT
>ENST00000448778_____1|361|same,0.1586552539314569,-10.60,.(((((...((((....)))).)))))...(((....))),CACCTCCTCTCGCCAGAGTGATGAGGTCCCGGCTTCTGCT
>ENST00000620315_____1|340|same,0.841344746068543,-2.00,.............((((.((...((....)).)).)))).,AGAGAAGCCAAAATCTGATAAGACTGAAGAGATAGCAGAA
>ENST00000482151_____1|2448|same,0.15865525393145707,-3.90,.(((...)))......(((......)))(((...)))...,AGTCAATGACAACCAAACCAATCTCGGTGGAAACTCCTAT
>ENST00000367282_____5|308|same,0.15865525393145696,-15.30,....((((((((((.......)).))))))))........,TGAGGAGTGGGCGGAGTACCCCCGGCCCATTCACCCTGCT
>ENST00000552555_____1|479|same,0.15865525393145696,-6.80,......(((..((((...........))))..))).....,AAGGAGCGGGATCGGAATAAGAAGGACCGAGATCGAGACA
>ENST00000361681_____2|476|diff,0.8413447460685429,-2.40,...(((..((((.....((((.....))))))))..))).,GTAGTAGTTACTGGTTGAACATTGTTTGTTGGTGTATATA
>ENST00000361567_____2|1074|diff,0.15865525393145707,-2.70,........................(((.....))).....,ATGAACAAGATATTCGAAAAATAGGAGGACTACTCAAAAC
>ENST00000558573_____1|525|same,0.15865525393145707,-8.30,......................(((((((....))))))),ACTTGCTAATTATATCATAATGGGTGACTGAAAGGTCACT
>ENST00000636175_____1|1668|diff,0.8413447460685429,-5.90,.((.((((((........)).)))).))............,GCGGGTTCTCAAAGCGAAGAAGGACGTGGCTCTTTTAACC
>26988|37|diff,0.841344746068543,-3.80,......((((....))))...((((...((...)).)))),GGTAGAGCGGAGGACTGTAGTGGATAGGGCGTGGCAATCC
>T275323|1552|same,0.15865525393145707,-3.40,..........(((((............)))))........,TTGTTACAATGTCAGCACATTACCCATCTGACCTGAAAAA
>T382496|1574|same,0.15865525393145707,-6.90,......((((((.(((...)))..)))...))).......,ACGACAGCAGCCAGACCCTGTCCCGGCCCATGCACCCACC
>G033992__chr17___13550994____13608034_pos|21384|same,0.8413447460685429,-9.10,..........(((.((.((....)).)).)))........,atcctttccaTCCTAGGGGGTGACCGCTCGGACCACTTTC
>G041621__chr19___35908295____35945172_neg|9570|same,0.15865525393145719,-11.80,..(((((((((....)))..))))))..((((....)))),cggctcgttgggaggccaaggcgggcggatcttttgagat
>G089408__chrX___101965030____101989480_neg|11284|same,0.15865525393145702,-6.10,....(((((......)))))..(((.(((.....)))))),CTTTTTCAATAATGTTTGAATTTAGATGGGCtcaccacta
>enhancer__chr3___14394292____14400492_pos|449|same,0.15865525393145707,-8.30,........((((((.......)))))).............,tgggagaccacctgggaataacgggtgctgtaggctttTG
>enhancer__chr6___4501368____4503568_pos|1444|same,0.8413447460685428,-7.10,......(((((..((.(((....))).))....)))))..,ACTTTACTGGTGTGGTGTTGTCCGGCTCTGAGGACCAGAC
>ENST00000452071_____1|115|same,0.8413447460685429,-5.20,..(((........))).((((((...........)))))),TCCTCTCCCGTGTGAGTGCAGAGAAGGTCCTGGGTTCTGT
>ENST00000599229_____2|966|same,0.8413447460685429,-5.40,.....((((.((((..........)).)).))))......,ACTCTTCCATGGTCACAAACAAGAGGTCCCTGGATCTACA
>ENST00000226091_____2|131|same,0.8413447460685429,-9.80,.((.((....(((((.((.....)).)))))....)).)),CGGCTCCCCCAGTCCCCCACTTAGGCGGGCTCACAGATCC
>ENST00000580279_____1|459|same,0.8413447460685431,-14.80,((...(((((((((.((...)).)))....)))))).)).,GCACCCTGGGGACGCGGCCGCCACGTTGGGCCCCAGCGCC
>ENST00000617010_____2|8855|same,0.8413447460685429,-4.00,.((((....(((......)))...))))............,TGGAGGAACAGTACCTTGGCTTGGCTCTTGACGTGGACAG
>ENST00000642069_____1|270|same,0.8413447460685429,-10.30,(((....)))((((...(((.......)))....))))..,GGCCTGAGCCGCTCAACACCACGTCGGGGTCTCCGAGCCG
>G044704__chr2___88383936____88396512_pos|4906|same,0.15865525393145707,-5.10,.............((((((((...........)))))))),GACTTTAAGACTCAAACATGACACAAAGACTCTCATGTTT
>ENST00000504333_____1|1072|diff,0.15865525393145707,-8.50,.((((((((............))))).)))..........,TCTGCAGACTTAAATGTCCCTGTCTGACAGCTTTGAAGAG
>NR_146154_____1|100|diff,0.8413447460685424,-10.10,........(((((........(((.....)))..))))).,CTCAGTAACGGCGAGTGAACAGGGAAGAGCCCAGCGCCGA
