>NR_003287_____4|1485|same,0.15865525393145835,-17.80,(((((((((.((((......))))))))))).))......,GCCCGTCTCGCCCGCCGCGCCGGGGAGGTGGAGCACGAGC
>enhancer__chr1___173867016____173868416_neg|673|same,0.15865525393145702,-7.30,......((((.((((............)))))))).....,AGCCTCGGCTCTCGTGCCCTGCCTCTGATGAAGCCTGTGT
>ENST00000544983_____1|127|same,0.15865525393145602,-11.40,..(((((.....)))))....((((......)))).....,GCGGGCCGTGTAGGTCCCCCTTCCTATGATGAGGACCTTT
>NR_146146_____1|1420|same,0.15865525393145707,-9.60,........((((((((.......)))).))))........,AACTAGTTACGCGACCCCCGAGCGGTCGGCGTCCCCCAAC
>enhancer__chr11___62853176____62855776_neg|1808|same,0.15865525393145707,-5.40,...((((........))))..(((......))).......,TTATGCCACCAAGTAGGCAGTTTCTATGATGAATCAAACT
>ENST00000429798_____1|57|same,0.1586552539314574,-8.80,.((((((....(((((....)))))....)).))))....,ATCACGGAGAAGGCTTTAGCAAGTCGGGGCCAGTGGCGCA
>NR_146151_____1|11905|same,0.15865525393145707,-19.80,((((((((...)))))(((((...))))).))).......,CGGGGCGGGGTCCGCCGGCCCTGCGGGCCGCCGGTGAAAT
>NR_146117_____1|11967|same,0.15865525393145768,-19.80,((((((((...)))))(((((...))))).))).......,CGGGGCGGGGTCCGCCGGCCCTGCGGGCCGCCGGTGAAAT
>NR_146118_____1|4030|same,0.8413447460685429,-28.60,((((((((((((.((.....)).))))..)))))).))..,GGGGCCCGGGGCGGGGTCCGCCGGCCCTGCGGGCCGCCGG
>NR_046235_____3|11953|same,0.8413447460685426,-19.80,((((((((...)))))(((((...))))).))).......,CGGGGCGGGGTCCGCCGGCCCTGCGGGCCGCCGGTGAAAT
>NR_003287_____4|4029|same,0.8413447460685429,-19.80,((((((((...)))))(((((...))))).))).......,CGGGGCGGGGTCCGCCGGCCCTGCGGGCCGCCGGTGAAAT
>NR_145822_____1|1493|diff,0.8413447460685421,-13.90,((((..((......))..))))..(((((......))))),CGCCCGCCGCGCCGGGGAGGTGGAGCACGAGCGCACGTGT
>NR_146144_____1|11916|same,0.15865525393145707,-18.00,.(((((...)))))(((((...))))).............,GGGCGGGGTCCGCCGGCCCTGCGGGCCGCCGGTGAAATAC
>NR_146154_____1|4016|same,0.15865525393145585,-18.00,.(((((...)))))(((((...))))).............,GGGCGGGGTCCGCCGGCCCTGCGGGCCGCCGGTGAAATAC
>NR_145819_____1|11952|same,0.8413447460685429,-18.00,.(((((...)))))(((((...))))).............,GGGCGGGGTCCGCCGGCCCTGCGGGCCGCCGGTGAAATAC
>NR_145822_____1|4028|same,0.8413447460685429,-18.00,.(((((...)))))(((((...))))).............,GGGCGGGGTCCGCCGGCCCTGCGGGCCGCCGGTGAAATAC
>ENST00000361567_____2|170|diff,0.8413447460685429,0.00,........................................,ACAACAATATTCATGTGCCTAGACCAAGAAGTTATTATCT
>NR_146148_____1|4017|same,0.8413447460685441,-19.00,(((((...)))))(((((...)))))...((((...)))),GGCGGGGTCCGCCGGCCCTGCGGGCCGCCGGTGAAATACC
>ENST00000604952_____1|1290|diff,0.841344746068543,-8.10,...(((((((((.....(((......))))))))))))..,CGCAATCCTATTCTAGAGTCCATATTGACAATAGGGTTTA
>NR_146117_____1|12148|same,0.15865525393145696,-10.90,.((((...))))((((((((...........)))))))).,GACTGGGGCGGTACACCTGTCAAACGGTAACGCAGGTGTC
>NR_146146_____1|1007|diff,0.15865525393145707,-9.40,.......((((((((((.....))))))))))........,CCAGAGCGAAAGCATTTGCCAAGAATGTTTTCATTAATCA
>NR_146148_____1|3662|same,0.15865525393145735,-13.70,((((((.(((((...))))).))..))))...........,CGCGAAGGCCCGCGGCGGGTGTTGACGCGATGTGATTTCT
>NR_145822_____1|3674|same,0.8413447460685419,-13.70,((((((.(((((...))))).))..))))...........,CGCGAAGGCCCGCGGCGGGTGTTGACGCGATGTGATTTCT
>NR_146117_____1|11615|same,0.15865525393145707,-13.70,((((((.(((((...))))).))..))))...........,CGCGAAGGCCCGCGGCGGGTGTTGACGCGATGTGATTTCT
>NR_046235_____3|11599|same,0.15865525393145719,-16.30,((((((((.(((((...))))).))..)))))).......,ATCGCGAAGGCCCGCGGCGGGTGTTGACGCGATGTGATTT
>NR_003287_____4|3678|same,0.15865525393145707,-11.90,(((((.(((((...))))).))..))).............,GCGAAGGCCCGCGGCGGGTGTTGACGCGATGTGATTTCTG
>ENST00000622954_____1|1657|same,0.8413447460685431,-12.90,.......((.(((((((.((.........))))))))))),AGGTGGAGGCTGCAGTGAGCTGAGATCGTGCCACTGCACT
>NR_146144_____1|11113|diff,0.15865525393145785,-17.40,..(((((....)))))(((.((.((....)).)).)))..,GGCCCGGGCACCCGGGGGGCCGGCGGCGGCGGCGACTCTG
>NR_003287_____4|3225|diff,0.8413447460685429,-17.40,..(((((....)))))(((.((.((....)).)).)))..,GGCCCGGGCACCCGGGGGGCCGGCGGCGGCGGCGACTCTG
>ENST00000624919_____1|11292|same,0.841344746068543,-6.30,......(((((..........)))))..............,CTCTAGCCGGGGCACCAAAAGCTCGGATGATCCTCAGTGG
>enhancer__chr5___136079113____136082913_neg|2364|diff,0.841344746068543,-6.20,.((((.((((((.................)))).)))))),CCTCATGCCGGACTTTCTATCTGTCCATCTCTGTGCTGGG
>NR_146154_____1|3661|same,0.15865525393145707,-15.10,(((((((.(((((...))))).))..))))).........,TCGCGAAGGCCCGCGGCGGGTGTTGACGCGATGTGATTTC
>NR_003287_____4|700|diff,0.15865525393145707,-17.60,((((((((.((.....)).))))))))((.....))....,GGCGCATTTCCACCGCGGCGGTGCGCCGCGACCGGCTCCG
>enhancer__chr8___67585257____67586057_neg|542|same,0.15865525393145663,-4.20,..............(((((.((..........))))))).,TATCTACCGAGAATGTATGCAGGAACTGCTAACTCATGCC
>NR_146151_____1|4650|diff,0.841344746068543,-1.20,(((((.....))))).........................,CATTTGCCAAGAATGTTTTCATTAATCAAGAACGAAAGTC
>NR_146151_____1|11106|diff,0.8413447460685429,-17.70,..((..((((((.(((.((....)))))..))))))..)),GGGCACCCGGGGGGCCGGCGGCGGCGGCGACTCTGGACGC
>NR_145819_____1|3701|same,0.8413447460685429,-4.50,....(((((((..(((...((...))..))))))).))).,TGCTTGTCTCAAAGATTAAGCCATGCATGTCTGAGTACGC
>NR_145819_____1|11154|diff,0.15865525393145713,-17.70,..((..((((((.(((.((....)))))..))))))..)),GGGCACCCGGGGGGCCGGCGGCGGCGGCGACTCTGGACGC
>NR_146117_____1|3710|same,0.15865525393145702,-6.00,..............(((.(((............))).))),GTCTCAAAGATTAAGCCATGCATGTCTAAGTACGCACGGC
>NR_146117_____1|11160|diff,0.15865525393145707,-19.30,.((..((((((.(((.((....)))))..))))))..)).,GGCACCCGGGGGGCCGGCGGCGGCGGCGACTCTGGACGCG
>NR_003287_____4|2686|same,0.15865525393145707,-16.10,.(((((......)))))(((((...((.....)).))))),CGCCCCGAGAGAGGGGCCCGTGCCTTGGAAAGCGTCGCGG
>ENST00000514318_____1|244|same,0.8413447460685429,-16.60,...((((....))))....((((((....)).))))....,GGGGGCCTACGGGCCGGGCGGGGCGGTGATGACCCCAACA
>NR_146146_____1|277|same,0.8413447460685429,-14.50,((((.((...)).))))((((((.....))))))......,CCCGGCCGGGGGGCGGGCGCCGGCGGCTTTGGTGACTCTA
>NR_146151_____1|3685|same,0.15865525393145719,-6.80,............(((.(((............))).)))..,CTCAAAGATTAAGCCATGCATGTCTAAGTACGCACGGCCG
>NR_145822_____1|3231|diff,0.15865525393145918,-19.30,.((..((((((.(((.((....)))))..))))))..)).,GGCACCCGGGGGGCCGGCGGCGGCGGCGACTCTGGACGCG
>NR_146117_____1|4829|same,0.841344746068543,-5.60,(((((((...)))))))......((((....)))).....,TCTTTGGGTTCCGGGGGGAGTATGGTTGCAAAGCTGAAAC
>ENST00000361381_____2|533|diff,0.15865525393145707,-1.90,(((..............................)))....,GGCTCACTAAACATTCTACTACTCACTCTCACTGCCCAAG
>NR_146148_____1|1652|diff,0.15865525393145707,-7.00,...((((((.((...)).))))))................,ATCGAACCATCTAGTAGCTGGTTCCCTCCGAAGTTTCCCT
>NR_146148_____1|3220|diff,0.15865525393146568,-19.40,((..((((((.(((.((....)))))..))))))..))..,GCACCCGGGGGGCCGGCGGCGGCGGCGACTCTGGACGCGA
>NR_146154_____1|4643|diff,0.15865525393145707,-11.80,...(((((....)))))(((((((...))).)))).....,GCTTGGCTGAGGAGCCAATGGGGCGAAGCTACCATCTGTG
>NR_046235_____3|11156|diff,0.15865525393145707,-19.40,((..((((((.(((.((....)))))..))))))..))..,GCACCCGGGGGGCCGGCGGCGGCGGCGACTCTGGACGCGA
>G087360__chrM___9934____14148_neg|2421|diff,0.8413447460685429,-3.50,...........................(((....)))...,CTAGGCAGAATAGTAATGAGGATGTAAGCCCGTGGGCGAT
>NR_146144_____1|3699|diff,0.15865525393145707,-6.80,..........(((.(((............))).)))....,CAAAGATTAAGCCATGCATGTCTAAGTACGCACGGCCGGT
>NR_146144_____1|9558|diff,0.8413447460685429,-3.80,(((.((...)).))).....(((..((.....))..))).,CCATCTAGTAGCTGGTTCCCTCCGAAGTTTCCCTCAGGAT
>NR_146152_____1|1016|diff,0.15865525393145696,-4.20,((((((((.....))))))))...................,AAGCATTTGCCAAGAATGTTTTCATTAATCAAGAACGAAA
>NR_146119_____1|1016|diff,0.15865525393145707,-4.20,((((((((.....))))))))...................,AAGCATTTGCCAAGAATGTTTTCATTAATCAAGAACGAAA
>NR_003286_____4|55|same,0.841344746068543,-6.80,...........(((.(((............))).)))...,TCAAAGATTAAGCCATGCATGTCTGAGTACGCACGGCCGG
>G087360__chrM___9934____14148_neg|620|same,0.15865525393145713,-3.60,.......((((((((..((....))..))))).)))....,TGTGTATGATATGTTTGCGGTTTCGATGATGTGGTCTTTG
>enhancer__chr14___95523357____95535557_neg|1928|same,0.15865525393145707,-8.00,.......((.(((((((((.....))))))....))))).,GACCAGTGGACTTGCTACATAATCTGTAGTCTTGGAGCCG
>NR_146144_____1|424|same,0.15865525393145719,-12.30,((((((.......))))))...(((....)))........,GCCTCCGCTCCCGGGGGGCTCTTCGTGATCGATGTGGTGA
>NR_146144_____1|12909|diff,0.15865525393145707,-10.30,..((((((.(((.......)))))))))............,TACGTAGCAGAGCAGCTCCCTCGCTGCGATCTATTGAAAG
>NR_146151_____1|9207|same,0.15865525393145707,-6.90,.....(((((((((........))))...)).))).....,CACCCGACCCGTCTTGAAACACGGACCAAGGAGTCTAACA
>NR_146151_____1|12901|same,0.15865525393145702,-10.30,..((((((.(((.......)))))))))............,TACGTAGCAGAGCAGCTCCCTCGCTGCGATCTATTGAAAG
>NR_145819_____1|424|same,0.15865525393145707,-12.30,((((((.......))))))...(((....)))........,GCCTCCGCTCCCGGGGGGCTCTTCGTGATCGATGTGGTGA
>NR_145819_____1|12945|same,0.15865525393145702,-10.30,..((((((.(((.......)))))))))............,TACGTAGCAGAGCAGCTCCCTCGCTGCGATCTATTGAAAG
>NR_145820_____1|55|same,0.15865525393145707,-6.80,...........(((.(((............))).)))...,TCAAAGATTAAGCCATGCATGTCTGAGTACGCACGGCCGG
>NR_146117_____1|1153|diff,0.15865525393145602,-11.10,(((((.........)))))(((((...........))))),GGGGCTGCCGTTCTGCCTCCGACCGGTCGTGTGTGGGTTG
>NR_146117_____1|12963|diff,0.15865525393145702,-10.30,..((((((.(((.......)))))))))............,TACGTAGCAGAGCAGCTCCCTCGCTGCGATCTATTGAAAG
>NR_046235_____3|424|same,0.8413447460685434,-12.30,((((((.......))))))...(((....)))........,GCCTCCGCTCCCGGGGGGCTCTTCGTGATCGATGTGGTGA
>NR_046235_____3|12949|same,0.15865525393145707,-10.30,..((((((.(((.......)))))))))............,TACGTAGCAGAGCAGCTCCCTCGCTGCGATCTATTGAAAG
>ENST00000554988_____1|571|diff,0.15865525393145707,-17.20,......(((((((.((((...)))))))))))........,GCTGAGGTGAGGTACCCCGCAGGGGACCTCATAACCCAAT
>ENST00000361739_____1|573|same,0.15865525393145696,-9.90,..((.....(((((.((.....)).)))))...)).....,CCGCTACACGACCGGGGGTATACTACGGTCAATGCTCTGA
>ENST00000361789_____2|86|diff,0.8413447460685428,-2.80,...........((((.......))))..............,ACCCCATCCAACATCTCCGCATGATGAAACTTCGGCTCAC
>G041621__chr19___50060232____50093425_neg|890|same,0.8413447460685429,-11.40,....((..(((((((.((....))..))...))))).)).,CGGGGGTTCCAGGGCACGAGTTCGAGGCCAGCCTGGTCCA
>promoter__chr1___16859531____16861731_pos|704|same,0.8413447460685429,-1.30,((..(((((.......)))))..))...............,ttattatgttcgcttcacatatgaaaggtctctggttcga
>enhancer__chr15___41716418____41719818_neg|1374|same,0.15865525393145707,-4.20,.............((((.......))))..(((....))),TACGAAAAATCAAAGCTATTCCTCAGCTCCAGGGCTACCT
>enhancer__chr5___181237788____181241988_neg|2875|diff,0.841344746068543,-3.90,....((((..((((.......)))).))))..........,CCACACAGGCTATCTGAACACGGTGACTGTCTCTCCAGAT
>enhancer__chrX___126727855____126730855_neg|1767|same,0.15865525393145707,-5.60,.((((((.(((.((...)).))).))))))..........,GTCATTGGTGTTCTTGAAGTACAACGATGGTTTTTCATAT
>NR_146151_____1|424|same,0.15865525393145735,-12.30,((((((.......))))))...(((....)))........,GCCTCCGCTCCCGGGGGGCTCTTCGTGATCGATGTGGTGA
>NR_146117_____1|424|same,0.15865525393145707,-12.30,((((((.......))))))...(((....)))........,GCCTCCGCTCCCGGGGGGCTCTTCGTGATCGATGTGGTGA
>NR_003286_____4|280|same,0.8413447460685431,-13.30,.(((....)))(((((((((.....)))))).))).....,GGCCGGGGGGCGGGCGCCGGCGGCTTTGGTGACTCTAGAT
>ENST00000586231_____1|1341|same,0.8413447460685429,-7.90,..(((((.(((((.........))))))))))........,AGGAAGGCGACGACATCTCTTCTCGTCCTTTTGGCTAAGA
>ENST00000626826_____1|113834|diff,0.15865525393145702,-8.20,.((.....(((((((......))))))).....)).....,GTCTCTTTGTAGGTCACTCAGGACTTGCTTTATGAATCTG
>ENST00000526368_____1|425|same,0.15865525393145707,-6.30,....(((......(((((.........)))))....))).,CAGGACGATGAGATCCGCTTAAAGATTGTGGGGACCCGTG
>ENST00000309733_____5|8248|same,0.15865525393145707,-3.40,...............(((((((...........))))))),TTTTCTGCATCTATTGAGATAATCATGTGGTTTTTGTCTT
>ENST00000359362_____5|1616|diff,0.8413447460685429,-1.60,((((................))))................,GTCACAGAACAAGAGAAGATTGACAAACTTATGATAGAGA
>ENST00000580755_____1|148|same,0.15865525393145707,-7.50,....((((((((((.....))))))))))...........,TGGGCTAATGATGGAAAAATCATTATTGGAAAAGAATGAC
>G004418__chr1___145982791____146044553_pos|52932|diff,0.841344746068543,-9.30,.........((...(((((.......)))))...))....,tagtggttaggattcggcgctctcaccgccgcggcccggg
>promoter__chr1___16740331____16742331_pos|308|same,0.15865525393145724,-9.30,.........(((.(((((..........))))).)))...,tgtgggaaactcgactgcataatttgtggtagtgggggac
>enhancer__chr16___69357295____69360495_pos|1402|same,0.15865525393145707,-3.30,..(((..((((.........))))..)))...........,TGGAGAAAGTATCTGACAACTGCTAACTCATGTCCCCATG
>enhancer__chr11___62853176____62855776_neg|2043|same,0.15865525393145702,-10.10,..((.((((....))))))((((..((....))..)))).,AAAGTGCCTTTTTAGGCCTGTGTTTGTGATGACTTACATG
>NR_146144_____1|6664|same,0.15865525393145719,-6.00,(((((((((..........)))))))))............,ATTAATGTGAATTGCAGGACACATTGATCATCGACACTTC
>NR_146148_____1|4200|same,0.15865525393145702,-13.30,....((.((((((((...........))))))))))....,GGGCGGTACACCTGTCAAACGGTAACGCAGGTGTCCTAAG
>NR_146151_____1|1896|same,0.8413447460685429,-16.50,...((..((((((((.......))))))))..))......,GGGCGCGCCGGTCTCCCGGAGCGGGACCGGGTCGGAGGAT
>NR_146151_____1|6652|same,0.15865525393145707,-6.00,(((((((((..........)))))))))............,ATTAATGTGAATTGCAGGACACATTGATCATCGACACTTC
>NR_146152_____1|58|same,0.8413447460685429,-6.80,........(((.(((............))).)))......,AAGATTAAGCCATGCATGTCTAAGTACGCACGGCCGGTAC
>NR_146154_____1|1306|same,0.15865525393145707,-10.30,(((((........)))))((((........))))......,GTCGGCTACCCACCCGACCCGTCTTGAAACACGGACCAAG
>NR_146154_____1|4203|same,0.15865525393145707,-13.30,.((.((((((((...........)))))))))).......,CGGTACACCTGTCAAACGGTAACGCAGGTGTCCTAAGGCG
>NR_145819_____1|1897|diff,0.15865525393145707,-16.50,..((..((((((((.......))))))))..)).......,GGCGCGCCGGTCTCCCGGAGCGGGACCGGGTCGGAGGATG
>NR_145819_____1|6681|same,0.15865525393145702,-6.00,(((((((((..........)))))))))............,ATTAATGTGAATTGCAGGACACATTGATCATCGACACTTC
>NR_145819_____1|9248|same,0.8413447460685429,-6.90,......(((((((((........))))...)).)))....,CCACCCGACCCGTCTTGAAACACGGACCAAGGAGTCTAAC
>NR_145822_____1|698|same,0.15865525393145719,-17.50,..((((((((.((.....)).))))))))((.....))..,CGGGCGCATTTCCACCGCGGCGGTGCGCCGCGACCGGCTC
>NR_145822_____1|1323|same,0.8413447460685429,-6.90,.......(((((((((........))))...)).)))...,CCCACCCGACCCGTCTTGAAACACGGACCAAGGAGTCTAA
>NR_146117_____1|6684|same,0.15865525393145702,-6.00,(((((((((..........)))))))))............,ATTAATGTGAATTGCAGGACACATTGATCATCGACACTTC
>NR_146117_____1|9254|same,0.15865525393145724,-6.90,.......(((((((((........))))...)).)))...,CCCACCCGACCCGTCTTGAAACACGGACCAAGGAGTCTAA
>NR_146118_____1|1315|same,0.15865525393145707,-10.30,(((((........)))))((((........))))......,GTCGGCTACCCACCCGACCCGTCTTGAAACACGGACCAAG
>NR_046235_____3|6681|same,0.15865525393145707,-6.00,(((((((((..........)))))))))............,ATTAATGTGAATTGCAGGACACATTGATCATCGACACTTC
>NR_046235_____3|9235|same,0.15865525393145702,-10.60,....(((((........)))))((((........))))..,CGACGTCGGCTACCCACCCGACCCGTCTTGAAACACGGAC
>NR_003287_____4|4217|same,0.15865525393145707,-13.30,..((.((((((((...........))))))))))......,GCGGTACACCTGTCAAACGGTAACGCAGGTGTCCTAAGGC
>ENST00000379731_____4|913|diff,0.8413447460685429,-3.40,......((((.(((.(((.......)))))))))).....,TGAAGGACTATGACTACACCTGCTTTGTGTTTAGTGACGT
>T059327|2806|same,0.15865525393145707,-7.60,..((((.((........)).))))((((.......)))).,TAATGGAAGCAACGTTACTACCGTGAGCCCGGATAGCTCA
>G004492__chr1___145982791____146044553_pos|52897|same,0.15865525393145707,-12.80,((.(((((((((.........)))))).))).))......,GCAACCGGGAAGGGTTAGCAGCTtccctggtggtctagtg
>G087360__chrM___7825____8970_neg|745|same,0.8413447460685429,-3.00,.........((((((((.......))))))))........,TTCAAAGATTTTTAGGGGAATTAATTCTAGGACGATGGGC
>promoter__chr16___3188998____3189998_pos|626|same,0.15865525393145707,-4.00,(((.((...((...(((((.....))))))).)).)))..,CAAAGATAACCTTAATGCGTAAATCGTGTggctcgttggt
>promoter__chr1___244857652____244858252_neg|190|same,0.8413447460685429,-4.50,....(((..(((((((.......))))...)))...))).,TTCATCCAGAACGTCCCCTTAGAGGATCGAGTTAGAGGAC
>promoter__chr4___82892599____82895999_neg|104|diff,0.15865525393145707,-5.30,...................(((((.((.....)).))))),AAATTTTTTCCACTGCTGTTCACATCATGATTTGTTGTGA
>enhancer__chr6___4422768____4429968_pos|5278|same,0.8413447460685433,-7.00,..((.(((..((.(((......))))).))).))......,ggcctggttagtacttggatgggagaccgcctgggaatac
>enhancer__chr1___30944379____30951779_neg|2578|same,0.15865525393145707,-12.70,..((((((....((((.....)))).....))))))....,AGGGGTTGGTTGGCCATTGTCTGGCAATGATGACCCACTT
>enhancer__chr17___81511184____81511584_neg|38|same,0.15865525393145719,-10.10,.....((((....))))..(((.((((...)))))))...,CTCTACGCCTCTGGGCGCACCACTGGCATTGTCATGGACT
>enhancer__chr3___51693704____51708504_neg|14000|same,0.8413447460685429,-7.50,.((((..(((((((....)).)))))....))))......,aggtcgggtctagttagtacttggatgggagactgcctgg
>NR_146144_____1|3643|same,0.15865525393145696,-5.20,.......................(((((.......))))),TCGCCGCGCTCTACCTTACCTACCTGGTTGATCCTGCCAG
>NR_146144_____1|9218|same,0.8413447460685429,-6.90,.......(((((((((........))))...)).)))...,CCCACCCGACCCGTCTTGAAACACGGACCAAGGAGTCTAA
>NR_146148_____1|1310|same,0.15865525393145707,-10.30,(((((........)))))((((........))))......,GTCGGCTACCCACCCGACCCGTCTTGAAACACGGACCAAG
>NR_146151_____1|10568|same,0.15865525393145707,-13.40,......(((((((((((........))).)).))))))..,GAGAGAGGGGCCCGTGCCTTGGAAAGCGTCGCGGTTCCGG
>NR_145819_____1|1152|diff,0.15865525393145746,-11.10,(((((.........)))))(((((...........))))),GGGGCTGCCGTTCTGCCTCCGACCGGTCGTGTGTGGGTTG
>NR_145819_____1|3654|same,0.841344746068543,-5.20,.......................(((((.......))))),TCGCCGCGCTCTACCTTACCTACCTGGTTGATCCTGCCAG
>NR_145819_____1|12145|diff,0.841344746068543,-6.80,((((((...........))))))(((....))).......,ACCTGTCAAACGGTAACGCAGGTGTCCTAAGGCGAGCTCA
>NR_146117_____1|1896|same,0.15865525393145663,-16.50,...((..((((((((.......))))))))..))......,GGGCGCGCCGGTCTCCCGGAGCGGGACCGGGTCGGAGGAT
>NR_146117_____1|3658|same,0.8413447460685439,-5.20,.......................(((((.......))))),TCGCCGCGCTCTACCTTACCTACCTGGTTGATCCTGCCAG
>NR_146117_____1|10622|same,0.8413447460685429,-13.40,......(((((((((((........))).)).))))))..,GAGAGAGGGGCCCGTGCCTTGGAAAGCGTCGCGGTTCCGG
>NR_003287_____4|1315|same,0.15865525393145707,-10.30,(((((........)))))((((........))))......,GTCGGCTACCCACCCGACCCGTCTTGAAACACGGACCAAG
>ENST00000401282_____3|24|same,0.8413447460685429,-1.80,...........((((...............))))......,AGGAGATGGCGCAGGGGACACGGGCAAAGACTTGGGGGTT
>ENST00000437681_____1|1179|same,0.15865525393145696,-11.50,.......((((((((.(((.....))).....)))))))),CCTACAGCTTCCCAGAGTCCTGTCGACAATTACTGGGGAG
>ENST00000565907_____1|306|same,0.8413447460685429,-2.40,((((..(((.......)))..))))...............,GGCTATTATAATTAAAATATAAGCTATGATGAATTTGATT
>ENST00000361624_____2|1344|same,0.15865525393145707,-1.00,........(((((((.......)))...))))........,ACTACCCCGATGCATACACCACATGAAACATCCTATCATC
>T059327|2853|same,0.15865525393145696,-9.90,((((....((((((((...))))))))....)))).....,GAGCATCAGACTTTTAATCTGAGGGTCCAGGGTTCAAGTC
>G087360__chrM___9934____14148_neg|3594|diff,0.1586552539314569,-7.30,(((((((..((...)).)))))))................,TCCTTCTAGGCATAGTAGGGAGGATATGAGGTGTGAGCGA
>enhancer__chr16___89560990____89561790_pos|438|same,0.8413447460685426,-4.90,(((...(((((.(((....)))))).)).)))........,GTCCCCTCTGTTGGCCTCAGTCGCGTGATGACATTCTCCG
>NR_146117_____1|9125|diff,0.15865525393145707,-16.30,...((((...(((((.(((....))).)))))....)))),ACTGTCCCCAGTGCGCCCCGGGCGGGTCGCGCCGTCGGGC
>NR_003287_____4|1195|same,0.8413447460685429,-17.10,..((((...(((((.(((....))).)))))....)))).,CTGTCCCCAGTGCGCCCCGGGCGGGTCGCGCCGTCGGGCC
>ENST00000521127_____1|313|same,0.8413447460685428,-1.90,......(((((..((..........)).))))).......,TAAATTACTTTTTGCCGTTTACCCAGCTGAGGTTGTCTTT
>ENST00000554988_____1|273|same,0.15865525393145707,-8.50,.....(((....(((((.(((...))).)))))....))),TGTATGAGACCACTTTTTCCCATAGGGCGGAGGGAAGCTC
>ENST00000361681_____2|321|same,0.15865525393145702,-2.20,.....(((((...........)))))..............,GATTGGTGCTGTGGGTGAAAGAGTATGATGGGGTGGTGGT
>T253867|4877|same,0.8413447460685429,-0.50,............((((......))))..............,TAAAATTAAAAATAGAAAAAAGTCTGGTCCAAAGGTAGTG
>G034943__chr17___53070787____53121704_neg|15653|same,0.8413447460685429,-4.10,...............((((((..(((....))).)))))),AATATGATAGCGAAATGGATTTTAGCGTAGGTTTGGTCTA
>promoter__chr1___21906333____21911933_pos|1868|same,0.841344746068543,-4.50,.(((....)))..(((((((...........)))))))..,ACGTATATGCGAATCTATAAGAAAGGTGATATTGTAGACA
>enhancer__chr1___161620762____161624962_pos|908|same,0.15865525393145707,-9.30,((((.((....)).)))).(((..(((.....))))))..,TGGCAGCCCAGGTCGCCAACGCCCgtttctgtagcgcgat
>enhancer__chr2___147262292____147274492_pos|2925|diff,0.8413447460685429,-5.60,((((.(((........))))))).................,caggctctaaactaccagacctgcattaaaaatttcggtt
>enhancer__chr3___184172424____184179424_pos|6603|same,0.841344746068543,-3.40,..(((.(((((.((.....))...)))))..)))......,GCCATGGTCTTCGAATTCCTCTATAAGATGTGTGACGTGA
>enhancer__chr9___137640506____137644306_pos|597|same,0.8413447460685429,-4.60,(((......))).(((((...((......))..)))))..,TCCATATTGGGAACCAAGGAGCACTGTGATGAATTTGGCC
>enhancer__chr12___120195831____120199431_neg|26|same,0.15865525393145707,-11.50,......((((...(((((..........)))))...)))),CAGATGCAGCAGATCCGCATGTCCCTTCGCGGGAAGGCTG
>enhancer__chr14___32484892____32486692_neg|1571|same,0.15865525393145707,-11.00,((((........))))...(((((((.......))))))),gtcccttgctaaggacTCATTTGCAGCTAAGGACTGCAAA
>NR_146144_____1|5172|diff,0.841344746068543,-7.40,......(((.((....)))))((.((((.....)))).)),GTCCGGGGCTGCACGCGCGCTACACTGACTGGCTCAGCGT
>ENST00000586231_____1|1484|diff,0.8413447460685429,-4.80,.((((..(((.((.......)).)))..))))........,TTGCTCTGTCCACTCCACGCGTCGACCTGGTATTGCAGTA
>ENST00000566446_____1|803|same,0.15865525393145707,-5.40,........(((((((.((........)).)))))))....,TTACGTAATATTTGTGTTTACTGTGTGAGACAAATGAGTT
>ENST00000568314_____1|446|same,0.8413447460685429,-7.60,............((((....))))...((((.....)))),AATCAGAAGCCAACCCCTACGGGTCCCCGGTAGCTCGCCG
>ENST00000370693_____5|846|diff,0.8413447460685429,-5.80,..........((((..((((((.....))))))...)))),ATCAGAAGTTTCAATCCATAGTAATTGGCTGTGCTCTTGA
>ENST00000497519_____1|730|same,0.8413447460685429,-5.40,..................(((((((...))))))).....,TCAGTAGTTGGTCCTTTGGTTGCATATGATGCGATAATTG
>ENST00000482190_____1|98|same,0.15865525393145707,-13.00,....(((((((..(((((....)).)))....))))))).,CTTGCCACAGGATCAGCTGACAAGACTGTTGCCTTGTGGG
>ENST00000361899_____2|182|diff,0.15865525393145707,-0.60,.............................(((.....))),AAACAAATGATAACCATACACAACACTAAAGGACGAACCT
>G033992__chr17___8100551____8128648_pos|25187|same,0.8413447460685426,-8.10,.((....))............((((((......)))))).,AGGATCCCCGCAGAATCTTTAAGCCGCgcattggtggttc
>promoter__chr4___173284899____173295699_pos|10528|same,0.15865525393145707,-2.70,....(((((.............(((((...)))))))))),AAAAACTGGATGAATATATTAAGCTGTGGAATGGCCTAGT
>promoter__chr17___41618696____41622496_neg|806|diff,0.8413447460685429,-10.10,((....((.(((.(((...))))))..))....)).....,GGAGATGGACGCTGCCCCAGGCGTGGACCTGAGCCGCATC
>enhancer__chr1___237949054____237950854_pos|109|same,0.15865525393145702,-5.80,.....(((((((....)))))))((((........)))).,TTGGTGTTTTTATAATTGAAAACGATGGTTTTTCATATCA
>enhancer__chr6___26214614____26219614_pos|2345|diff,0.8413447460685429,-5.30,........((((.(((((.......)))))..))))....,TGGATTGTTAGTTCTTCTGCTGTTAGGAAGCCACTATGTC
>enhancer__chr8___90508820____90513220_pos|2382|same,0.8413447460685429,-7.00,.....((.(((..((.((((....)))))).))).))...,tcatgcctggttagtactttgatgggagaccacctgggaa
>NR_146144_____1|12113|diff,0.8413447460685426,-5.20,(((....((..((....))..))...)))...........,GTCAAACGGTAACGCAGGTGTCCTAAGGCGAGCTCAGGGA
>NR_146148_____1|2684|same,0.8413447460685429,-13.40,...(((((((((((........))).)).)))))).....,AGAGGGGCCCGTGCCTTGGAAAGCGTCGCGGTTCCGGCGG
>NR_146151_____1|5161|diff,0.841344746068543,-9.50,..........(((((..((((.......))))...))))),TCCGGGGCTGCACGCGCGCTACACTGACTGGCTCAGCGTG
>NR_145822_____1|2695|same,0.841344746068543,-13.40,...(((((((((((........))).)).)))))).....,AGAGGGGCCCGTGCCTTGGAAAGCGTCGCGGTTCCGGCGG
>NR_146117_____1|11309|diff,0.15865525393145719,-21.80,((.(((.((.(((((..........))))).)).))))).,GCGCGCGCGTCCGCTGGGGGCGGGGAGCGGTCGGGCGGCG
>NR_146118_____1|2695|diff,0.8413447460685429,-13.40,..(((((((((((........))).)).))))))......,GAGGGGCCCGTGCCTTGGAAAGCGTCGCGGTTCCGGCGGC
>NR_046235_____3|12152|diff,0.8413447460685429,-5.20,(((....((..((....))..))...)))...........,GTCAAACGGTAACGCAGGTGTCCTAAGGCGAGCTCAGGGA
>ENST00000315707_____3|597|same,0.8413447460685425,-8.20,((.....)).(((((.(((.....)))..)))))......,CGGTTCGCGGCAACGTCCGCACGTCGGCTCGTTGGTCTAG
>ENST00000447221_____1|606|same,0.15865525393145707,-8.80,..........(((((((((........))))).))))...,ATGTCTACGCTCAGCGTTCTGCCCCGTGAACGTTTGAATG
>ENST00000366365_____2|236|same,0.8413447460685429,-6.20,((((...........))))...(((((......)))))..,TGACAAAGTGTTCAGGTCAGACGGTCTGGGGAAAGGCTCC
>ENST00000568314_____1|534|same,0.15865525393145696,-8.80,((((....))))...(((((((((....))))).)).)).,TTCGAATCCGAGTCACGGCATTGTGGGAACAATGGCACGG
>ENST00000602573_____1|223|same,0.841344746068543,-7.80,.........(((..((((......))))..))).......,TTGGCAAAGCTGTCACCATTTAATTGGTATCAGATTCTGA
>G033557__chr17___22519504____22524562_neg|3149|same,0.8413447460685419,-8.50,..((..(((((...((((.....)))).)))))..))...,GTGACTGATTAATAGGGTAATAGACCCGTGATCCATCGTG
>enhancer__chr1___203796026____203799226_pos|1228|same,0.15865525393145707,-6.20,....(((((...((((........)))).....)))))..,actcagttcttacttctgtaacatgaggacactggactaT
>enhancer__chr2___117020484____117022684_pos|1303|same,0.15865525393145735,-5.20,............(((.(((((........)))))..))).,AAAGAACTTGGTGGTGCTTTATATCCCTCTAGAGGAGCCT
>enhancer__chr3___9444116____9451316_pos|1054|diff,0.8413447460685429,-2.20,.(((((........))).))....................,AGCCTACCCACCATTGGAGCAGAGACTAGACGTAGAAAAG
>enhancer__chr4___169004899____169005499_pos|349|same,0.8413447460685429,-5.00,.........(((((.....((......))..)))))....,CGAAAAAAATACCAAAACAGggctggtccgatggtagcgg
>enhancer__chr2___88229451____88230451_neg|787|same,0.15865525393145707,-5.50,(((((((((..(((......)))...))))))))).....,actattaaaatgttcaagtaggctggtttgatggtagtgg
>enhancer__chr2___127798286____127800886_neg|1887|same,0.15865525393145707,-5.90,(((((((.(((...))))))))))................,GTTAGAAAGCTATAAGCTTTTggctggtccgatggtagtg
>NR_145822_____1|4225|same,0.8413447460685429,-5.20,(((....((..((....))..))...)))...........,GTCAAACGGTAACGCAGGTGTCCTAAGGCGAGCTCAGGGA
>NR_146118_____1|4235|same,0.8413447460685428,-5.20,(((....((..((....))..))...)))...........,GTCAAACGGTAACGCAGGTGTCCTAAGGCGAGCTCAGGGA
>NR_046235_____3|10620|same,0.8413447460685386,-13.40,..(((((((((((........))).)).))))))......,GAGGGGCCCGTGCCTTGGAAAGCGTCGCGGTTCCGGCGGC
>ENST00000529548_____1|305|same,0.8413447460685424,-4.40,.........................((((......)))).,TCCCCTTTCAGTCTTACTACTTTGACCGCGATGATGTGGC
>ENST00000361739_____1|328|same,0.841344746068543,-6.60,...(((((.........))))).(((....))).......,ATGGTACTGAACCTACGAGTACACCGACTACGGCGGACTA
>ENST00000361739_____1|460|same,0.15865525393145696,-1.70,...........(((.......)))....((((....)))),AGCCCCCATTCGTATAATAATTACATCACAAGACGTCTTG
>ENST00000361624_____2|692|same,0.841344746068543,-2.40,((.((...))))............................,GGAGGAGACCCCATTCTATACCAACACCTATTCTGATTTT
>ENST00000620022_____1|77|same,0.15865525393145735,-5.20,............(((((....))))).((((....)))).,TCTCCATTGTACTCAGTATGTGCTGACTGACTCCTGTTAC
>G033992__chr17___8100551____8128648_pos|20427|same,0.15865525393145707,-7.80,.......(((((...((((((....))))))..)))))..,ctagtgacgaatagagcaattcaaaggttgtgggttcgaa
>G033992__chr17___22520709____22523110_pos|1400|same,0.8413447460685429,-3.20,......................((((......))))....,CCTACACTGCCCCATAGACAAATAGGTTTGGTCCTAGCCT
>G084717__chr9___63918309____64082428_pos|129889|same,0.15865525393145707,-0.70,.............((((((........)).))))......,AGTAAGCACAAGTATCTACATAAAAACGTTAGGTCAAGGT
>G084799__chr9___63918309____64082428_pos|129889|same,0.15865525393145707,-0.70,.............((((((........)).))))......,AGTAAGCACAAGTATCTACATAAAAACGTTAGGTCAAGGT
>G087360__chrM___9934____14148_neg|748|same,0.15865525393145707,-2.40,...................((((((........)))))).,GTCCTCCTATTTTTCGAATATCTTGTTCATTGTTAAGGTT
>promoter__chr7___138414375____138415575_pos|1103|same,0.15865525393145707,-4.40,(((......)))....(((((((.....)).)))))....,GAATAATTTTTCAAAAATCATggctggtccaatgatagtg
>ENST00000563103_____1|220|same,0.15865525393145702,-8.80,((((....))))...(((((((((....))))).)).)).,TTCGAATCCGAGTCACGGCATTGTGAGGACAATGGCACGG
>ENST00000599232_____1|1644|same,0.8413447460685419,-3.30,..(((...............))).................,AGGGCTCCTCGAACTCCTATGCCATTAAGAAGAAGGACGA
>ENST00000507689_____1|338|same,0.15865525393145635,-11.50,.....(((((((.((((((......)))))))))..)))),ATCTGCGTCTGCGACAACGGCAAGGTGTTGTGCGATGACG
>promoter__chr6___26554814____26555814_pos|448|same,0.8413447460685433,-4.20,.((((.((......)).))))......((((....)))).,CGCATCTAAAATAATAAATGCTCAGGCggctcgttggtct
>promoter__chr6___28642265____28644065_pos|1173|same,0.15865525393145674,-7.30,..(((......)))(((.((((((......))))))))).,TTTTGGAACAACAAGGGTCTATGTGTggggatgtagctca
>promoter__chr11___119601268____119604468_neg|677|diff,0.8413447460685429,-3.80,...(((...))).((((((......)).))))........,TTGGCAACATGCAGGGGCTGGTGGAGGACTTCAAGAACAA
>enhancer__chr9___5092200____5092800_pos|157|same,0.15865525393145707,-7.20,((((((((......))))))))..................,TTCTCTATACATGAATAGAGGAGATAAGTCGTAATATGGT
>enhancer__chr11___13322701____13328501_neg|2213|same,0.15865525393145707,-7.10,.((((....((((((.......))))))...)))).....,ggcttaaaagactgggatgaggctggtccgaaggtagtga
>enhancer__chr11___61302776____61306776_neg|3642|same,0.15865525393145707,-6.60,...((..((((((..((((.....)))))))).))..)).,TTGCTCGAGACTTTAATCCCAACTGGATGAGTGCTGTGGA
>enhancer__chr12___52897082____52903682_neg|3738|diff,0.15865525393145813,-8.30,((((..((......))..)))).....((((...))))..,GGCACAGTACGAGGATATTGCCAACCGCAGCCGGGCTGAG
>enhancer__chr5___56174859____56180459_neg|5446|same,0.8413447460685429,-3.80,...............(((((...........)))))....,tgtttcaaatgcaaatgccaggctggtctgatggtagagg
>NR_145819_____1|5184|diff,0.8413447460685429,-9.50,..........(((((..((((.......))))...))))),TCCGGGGCTGCACGCGCGCTACACTGACTGGCTCAGCGTG
>NR_046235_____3|12487|same,0.8413447460685429,-5.80,..(((.((((((........))))))..))).........,AGACAGGTTAGTTTTACCCTACTGATGATGTGTTGTTGCC
>ENST00000573866_____2|32|diff,0.15865525393145702,-7.60,....(((..((((((.(((((...))))).)))))).))),TCAGGGATCATTTCTATAGTGTGTTACTAGAGAAGTTTCT
>ENST00000626826_____1|112989|diff,0.8413447460685429,-0.10,........((.((((....)))).))..............,GGTGTTTGTAGTATTCTCTGATGGTAATTTGTATTTCTGT
>ENST00000623550_____1|2060|diff,0.15865525393145696,-2.80,......((((.((((.....))))))))............,CCAACATCAACATCTTGGTCAGATTTGAACTCTTCAATCT
>T110092|2111|diff,0.8413447460685429,0.00,........................................,GTTATAGATTTCTTTGTTCCTTCTCCACTCCCACTGCTTC
>promoter__chr1___229548407____229550207_pos|1580|diff,0.841344746068543,-6.60,((((((.(((.........))))))...))).........,ggcctcactagtacttggatgggagactgcctgggaatac
>enhancer__chr2___70248860____70294260_pos|29930|same,0.8413447460685429,-3.80,((((((......((.((((.....)))).))))).)))..,ACTGTGCAAAGATCATGATTAACTGTCAAGACACTGGTAG
>enhancer__chr6___27662663____27671263_neg|680|same,0.8413447460685434,-7.80,(((.((((......(((((.......))))))))).))).,cggatcagaagattctaggttcgactcctggctggctcgc
>NR_145820_____1|1420|same,0.15865525393145707,-9.60,........((((((((.......)))).))))........,AACTAGTTACGCGACCCCCGAGCGGTCGGCGTCCCCCAAC
>ENST00000563103_____1|147|same,0.8413447460685429,-2.20,.........(((((.....((.....)).....))).)).,GTCCTGTGTCCCTAGTAGCTCGCCGTGATCGTATAGTGGT
>ENST00000602478_____1|116|same,0.15865525393145707,-17.00,(((...((((..(((((.......)))))..)))))))..,CCCTCAAGGTGACCCGCCTACTTTGCGGGATGCCTGGGAG
>ENST00000610159_____1|645|same,0.15865525393145713,-7.90,((((((((...((.........))...)))))))).....,GTTATGTCTTAGTGCCTGGGTGACGATGATGTAGCGGTTA
>ENST00000636069_____1|181|same,0.15865525393145707,-3.90,.....((((......((........))......))))...,AGATCTCCATCAAGTGCAGTAACCAGTTCAAGTTGGAAGT
>ENST00000266594_____2|840|same,0.15865525393145707,-1.00,......(((.....((((........)))).....)))..,CAATCCTGCCCCCTGAAACTTATTTTTTTCTGATTGTAAC
>ENST00000550595_____1|311|same,0.8413447460685429,-2.30,......((.(((..........))).))............,TGAACATTGACCCTGATGCAAAGGTGGAAGAAGAGCCCGA
>ENST00000380876_____4|463|same,0.8413447460685451,-5.60,.........((((.....(((......))).....)))).,CCGCATCCTGGCTGACCTAGAGGACTATCTTAATGAGCTT
>G033557__chr17___22525330____22528852_neg|1744|same,0.15865525393145707,-5.40,.......................(((((.......))))),ATTTAGCTGTTAACCAAATTTTTGTGGGTTTAAGTCCCAT
>promoter__chr16___22297077____22303077_pos|60|same,0.15865525393145707,-11.00,..(((.........))).(((.(((......))).)))..,TGGCATAAACATATTGCAGCTGggtagcgtggccgagcgg
>promoter__chr7___148941042____148941642_pos|494|diff,0.8413447460685429,-0.40,.....(((........))).....................,aagttgatttaacattgtctccccccacaaccgcgcttga
>enhancer__chr4___105485545____105485945_pos|99|diff,0.15865525393145707,-6.50,((((.((...(((((.....)))))....)).))))....,GTCAAGAATGTGTCTGTCAAGGATGTTCGTCGTGGCAACG
>enhancer__chr15___72226551____72233151_neg|1978|diff,0.841344746068543,-6.30,....(((.((.((.....)))).)))..............,CTTGCACAGCAGCTGCACGCGCCGTGGCTCCGGATCTCTT
>enhancer__chr15___82535139____82539282_neg|2483|diff,0.8413447460685429,-5.00,((((((((((.............)))))).)).)).....,GCCTCGGGGACCTGTTTGAATTTTTTCTGTAGTGCTGTAT
>enhancer__chr9___14431202____14435402_neg|1390|same,0.8413447460685429,-3.60,.((..((((.......)))).)).................,TGCTCAGCTCTTCAGTAGCTTgccgtgatcgtatagtggt
>enhancer__chr9___35657203____35663203_neg|5183|same,0.841344746068543,-6.80,...........(((.((.(((.....))).))...)))..,TACTCTGTGAAGCTGAGGACGTGGTTCGTGCTGAAGGCCT
>NR_145819_____1|9127|diff,0.8413447460685426,-20.00,......((((((((....((...))....))))))))...,AGTGCGCCCCGGGCGGGTCGCGCCGTCGGGCCCGGGGGAG
>G004258__chr1___148279544____148286961_pos|1892|same,0.8413447460685428,-5.00,((((....))))..(((((...)))))((((....)))).,ttcgaatccgagtcacggcaATGTCGTTAGTCTAGGCTGT
>promoter__chr12___6579912____6582912_neg|1405|same,0.15865525393145707,-18.30,....(((((((((((((....)))))).))))))).....,TTAGGAGGGCCGTCCTAAGAATAGGGCTGGCTCTTAAAGG
>promoter__chr12___97871160____97877960_neg|1798|same,0.8413447460685429,-2.80,.................(((......)))...........,CCTTTAGAACTATTATCCAGGACTCACTGATTACTTGATG
>enhancer__chr17___59811458____59812458_pos|231|diff,0.15865525393145707,-5.70,((((((...((............)).))))))........,ATTCCAAATCCTTTATTTGATCTGGCTGGAATAACGTGTG
>enhancer__chr21___44321620____44324220_pos|2505|same,0.8413447460685426,-9.00,.....(((....((((.((((....)))).)))).)))..,GGGCCCTGCGTTGTTCCTCGCTACTGTGATGAGCTCAGAT
>enhancer__chr8___33513198____33514998_pos|356|same,0.8413447460685429,-8.20,..................((((.((........)))))).,acccttgaaccttgttacgacgtgggcacattacccgtct
>enhancer__chrX___68774707____68787707_pos|9892|diff,0.15865525393145724,-4.50,......(((((.(((........)))))))).........,AACTGACTTGGATCAATCAAATGTGACTGAGGAAACACCT
>enhancer__chr2___47160653____47163853_neg|2012|same,0.8413447460685429,-4.30,....(((((....)))))...(((........))).....,TAGGATGGCAATGGCTATATTAGTGCTGCAGAACTTCGCC
>NR_145819_____1|10625|diff,0.8413447460685429,-12.80,..(((.....)))...(((((((.......)))))))...,GCCCGTGCCTTGGAAAGCGTCGCGGTTCCGGCGGCGTCCG
>ENST00000519167_____1|404|diff,0.8413447460685428,-1.50,((((..((....(((......)))....))....))))..,TCATCTGACAAAGGGCTAATATCCAGAATCTACAATGAAC
>ENST00000473095_____1|210|same,0.8413447460685429,-12.10,.....(((....((((((((.....))))))))....))),AGATGGCAACCACTGCAGCTGGCGTGGCTGTGGGCTCTGC
>ENST00000275300_____2|1170|same,0.8413447460685429,-2.60,.......................(((.((....)).))).,TAGTAATCCATCCTTTTTAGATCTGGTGAGAACTCCCCAA
>ENST00000529622_____1|180|same,0.15865525393145707,-12.50,.(((((((...((.(((........))).))..))))))),TGGGGTCATCAAGACTGACATGTTCCAGACTGTTGACCTC
>ENST00000640655_____1|1628|same,0.8413447460685429,-1.10,....................((((......))))......,GCCAACCAACTGATGAATGACTTTGCAGAAAAAGAGACTC
>ENST00000363286_____1|51|same,0.8413447460685428,-4.10,......((((((((...........)).))))))......,CTTTCGCCTTTTACTAAAGATTTCCGTGGAGAGGAACAAC
>G004258__chr1___145148375____145169518_pos|12727|same,0.15865525393145707,-11.50,.((((((..((....))..))))))...((((....)))),ATTCTCCAAGGGTTGCTGGGGAGAGgcactggtggttcag
>G004492__chr1___148279544____148286961_pos|1892|same,0.8413447460685428,-5.00,((((....))))..(((((...)))))((((....)))).,ttcgaatccgagtcacggcaATGTCGTTAGTCTAGGCTGT
>promoter__chr1___12011169____12013969_pos|2222|same,0.8413447460685424,-9.10,...((((.((.((.(((((.....)))))..)))))))).,TGTTCATTTGCTGGAGCGCAAGACGTGCTGACACAGTGAG
>promoter__chr11___4137218____4140018_pos|1137|same,0.8413447460685429,-3.60,.(((.(((....))).))).((((....))))........,GTGTGCTCTTTGGAGAATAGAGATGAATGTCTGATGTGTG
>promoter__chr6___63576777____63582577_pos|3408|same,0.15865525393145702,-6.40,..........((((((...)))))).(((((...))))).,ATTCAATAAAATTGGGGTGCCTAATGCTACTGGAAGTGGA
>promoter__chr17___19446102____19447302_neg|1106|same,0.15865525393145707,-5.40,((...((((((((.....)))).))))..)).........,GCTGCTCATGATGGCTGGTATCGATGACTGCTACACCTCA
>enhancer__chr11___65504177____65505177_pos|236|diff,0.841344746068543,-4.00,((((((((.........))))))))...............,GTTCTGATCCCGCTGCTATTAGAATGCATTGTGAAACGAC
>enhancer__chr1___30967579____31009179_neg|40983|diff,0.15865525393145719,-8.30,..(((.((((.((((...........)))))))).)))..,CTTGCCCTCACTTAGACTATAGTTCACTGATGAGAGCATT
>enhancer__chr1___228623007____228624207_neg|515|same,0.15865525393145696,-12.40,.((.(((......)))))(((((((.....)))))))...,agtacttggatgggagaccgcctgggaataccgggtgctg
>enhancer__chr3___47915702____47919102_neg|2305|same,0.8413447460685431,-3.90,.((((........(((.......))).....)))).....,CCACAGAAACAGAGGTAGCCCCAGCCAAGGATGTGACACT
>enhancer__chr9___35657203____35663203_neg|5424|same,0.15865525393145635,-9.20,((((((....)))))).........((((.....))))..,GTGCGTGTCCGCGCACCAACCACACGGGGCTCATTCTCAG
>NR_146144_____1|4420|same,0.8413447460685429,-10.90,(((((((((((......)))))))....))))........,CCTCGATGCTCTTAGCTGAGTGTCCCGCGGGGCCCGAAGC
>NR_146144_____1|10592|diff,0.841344746068543,-14.00,(((((((((((((.((...))..)))))).))))..))).,CCGTGCCTTGGAAAGCGTCGCGGTTCCGGCGGCGTCCGGT
>NR_145819_____1|699|diff,0.1586552539314568,-12.80,.((((.((..((((((......))....)))).)).)))),AGCCCTCGCTGTCGCCTCCAGTGGTTGTCGACTTGCGGGC
>ENST00000508572_____1|402|same,0.8413447460685429,-9.60,........((((((..((((.......))))))))))...,CACCGTCTTCTGCGTCGCTCACGCTGGGAGCTGTAGACCG
>ENST00000307630_____4|2460|diff,0.8413447460685429,-1.60,...........................((.((....)))),TTTTTTTTATATATATAAAGTCAGTGACGAGGAACTCCCG
>promoter__chr11___75561859____75565059_pos|398|same,0.8413447460685431,-8.60,......((((((((...((......))..))).)).))).,GCAGGGGAGCGGGCTAAGAGTAGAATCGTGTCGCGGCTCG
>promoter__chr12___55990282____55999482_pos|1870|diff,0.8413447460685431,-12.50,(((((.((.((..(((....)))..)))).))))).....,GAGGTGCAGCAGGCCGAAGCCGGGGTGTGGATCTCCATGA
>promoter__chr10___101363263____101365663_neg|792|same,0.15865525393145707,-14.10,..((((((.(((((.............)))))..)))))),atgcatcgacctggtattgcagtacctccaggaacggtgc
>enhancer__chr11___12764101____12772901_pos|173|same,0.15865525393145707,-4.30,...........(((.((........))..)))........,GCAGTGAGAGCCCTGCCGAAAACATGGAAAGGATGAGTGA
>enhancer__chr3___185417424____185420624_neg|1808|same,0.15865525393145685,-11.90,.(((((((...((((....))))......)))))))....,TGCTTTTCCTGTGGCAGCAGCCGGGCTGAGAGGAGCGTGG
>ENST00000519369_____1|384|same,0.841344746068543,-5.80,(((((((..(((((......)))))....)))))))....,TGCTTTTACTGTCATACAGCTGGCGATGAGGAGGTACCTA
>ENST00000473330_____1|2140|same,0.8413447460685429,-0.80,............((((.....((...)).....))))...,TATTTTTTGTAAGTGTCATTTGTATAACTCTAAACGCCCA
>ENST00000600238_____1|634|same,0.15865525393145707,-0.30,(((..........)))........................,GAGACCCCCACACCTCCCTGATTGCACCTAAACCCAAGAA
>ENST00000373891_____2|170|same,0.8413447460685428,-7.10,..(((((..........))))).........((....)).,GCCCAGGCCCGCCCCAACCTGGAGACTCTGAGCTGCCGCC
>ENST00000465645_____1|43|diff,0.8413447460685429,-8.90,.((.((....)).))....(((((.((...)).)))))..,AGCAGCAATGGCAGTGACGGCGTTGGCGGCGCGGACGTGG
>ENST00000473525_____1|186|same,0.15865525393145713,-4.60,.(((...(((.((.(((.....))).))..))))))....,AGGTCATGCTAATGAGACAGGATTTGATGAGGCGCCAAGA
>ENST00000361567_____2|288|diff,0.15865525393145707,-7.00,.((.((((((.......)))))).))..............,TCCCTGTAGCATTGTTCGTTACATGGTCCATCATAGAATT
>ENST00000361624_____2|778|diff,0.15865525393145713,-1.70,....(((......(((...)))......))).........,AATCTCCCATATTGTAACTTACTACTCCGGAAAAAAAGAA
>ENST00000375866_____2|293|same,0.8413447460685429,-4.00,............((((.((.......)).)))).......,CCTCACTATCGACAAGCTCTAGACATGATCTTGGACCTGG
>ENST00000536684_____2|595|diff,0.8413447460685435,-1.30,........(((............)))..............,AACTGAACTCCTTGCACCCAATTGGACCAATCTATTACCC
>promoter__chr1___146987842____146992111_pos|2593|same,0.8413447460685429,-3.60,.....((((......))))(((((......))))).....,GTGTAGGAGAACCAGCTTCATATGTCTGTCCATGTCTGAA
>promoter__chr2___215427987____215429787_neg|1454|diff,0.15865525393145707,-4.80,((((((((..((........))..))))..))))......,TCCTTTGTGACACAGATAGATGCAACGATCAGGACACAAG
>promoter__chr22___38485903____38488303_neg|1921|diff,0.8413447460685428,-4.30,.....((.(((((....))))).))...............,AATCCCAATCTGATGTATCAGGATGAGTGTGACCGAAGGC
>enhancer__chr1___39438554____39446154_pos|3405|same,0.15865525393145707,-6.10,....((((((((.(((........))))))))..)))...,CTTTTGTTCTAGGCTATGTTTGACTGGCTAGATAACACTG
>enhancer__chr1___228609607____228613007_neg|472|same,0.15865525393145707,-12.40,..((.(((......)))))(((((((.....)))))))..,tagtacttggatgggagaccgcctgggaataccgggtgct
>enhancer__chr1___228609607____228613007_neg|2709|same,0.15865525393145707,-9.80,.((((....((.....))..)))).(((((.....))))),tggttagtacttggatgggagaccgcctgggaataccggg
>enhancer__chr1___228634607____228636607_neg|1708|same,0.5,-12.00,....((.(((......)))))(((((((.....))))))),gttagtacttggatgggagaccgcctgggaataccgggtg
>enhancer__chr1___228637607____228645207_neg|3610|same,0.15865525393145702,-12.10,((((....((.....))..))))((((((.....)))))),ggttagtacttggatgggagaccgcctgggaataccgggt
>enhancer__chr6___26303414____26305814_neg|325|same,0.8413447460685429,-2.40,...................((..((....))..)).....,ttcgaatcccatcctcgtcgcTCGGCTTTCCCTGCTAACT
>ENST00000530422_____1|29|same,0.15865525393145707,-11.50,((((((((((....))))))))))................,GATCTGCTTTTAGTGAAGTGGATCAATGATGAAACTAGCC
>ENST00000563151_____1|1258|diff,0.15865525393145707,-0.30,..(((...........................))).....,CTTGCTCTACTCTTTCCCCCCTTCTCACTACTGCACTTGA
>ENST00000379731_____4|2085|same,0.5,0.00,........................................,TGTAAAGTTGTTGTGTTTTTTTTTAAATAGTAGTTTGTAG
>ENST00000508299_____1|350|same,0.8413447460685428,-6.20,...((((...))))((.((((((......))).))).)).,AGTGGGAATGTCCTTGGCATCATTGTGACGTGTGTGGCAA
>ENST00000529622_____1|424|same,0.8413447460685429,-8.50,(((..((((.........))))..))).............,TCCCAGGCCGGCATGACAGGCTACGGACGACCTCGGCAGA
>ENST00000513819_____1|86|same,0.15865525393145719,-8.10,((((((.(((.......)))..))))))............,GTTTCCAGGCCTCGGAAGTCACGGAAACGTGTAGATTCAG
>ENST00000579741_____1|344|same,0.8413447460685429,-6.90,...(((((((...(((((.....)))))))))).))....,AACAGCCTGGCGATCTTTTTAATGAGGACTGGGACTCGGA
>G087360__chrM___9934____14148_neg|1221|diff,0.15865525393145707,-4.90,...(((.((((.....)))).)))................,AGAAGGGCTATTTGTTGTGGGTCTCATGAGTTGGAGTGTA
>promoter__chr6___28642265____28644065_pos|1223|same,0.15865525393145707,-13.60,((((((...))))))........(((((.......))))),gcatgctttgcatgtatgaggtcccgggttcgatccccgg
>enhancer__chr1___39438554____39446154_pos|2520|same,0.15865525393145735,-9.00,(((..((.(((((.......)))))))..)))........,TCCTTGGAGCAGATTTGATTTTTGCCTGTGGAGAAACTGA
>enhancer__chr16___14285941____14286941_pos|23|same,0.15865525393145707,-2.30,..............(((.((((..........)))).))),ttcgaaccccgtccgtgcctGATATCCAACCTTCAGCTAT
>enhancer__chr9___128587079____128595479_pos|5921|same,0.8413447460685429,-5.70,(((((((((....((....))....)).)))).)))....,AGGACACGCATAACTAAGGAGGCCGGCAGTGTATCTCTGC
>enhancer__chr1___228627607____228631207_neg|3031|same,0.15865525393145696,-12.00,....((.(((......)))))(((((((.....))))))),gttagtacttggacgggagaccgcctgggaataccgggtg
>enhancer__chr13___45336865____45337465_neg|200|diff,0.8413447460685429,-0.50,............((((...........)))).........,ATCTTGAGCTCTTCATTTATTTTGACTGTGATTTATTTGG
>enhancer__chr5___80651669____80651869_neg|72|same,0.15865525393145707,-4.10,((((.....((((......)))).......))))......,CGGTCACACGATTAACCCAAGTCAATAGAAACCGGCGTAA
>NR_146144_____1|2073|same,0.8413447460685429,-15.50,....(((((((((..(((....))))))))))))......,GGGGCGCCGCGGGACCGCCCTCGTGTCTGTGGCGGTGGGA
>NR_146118_____1|4577|diff,0.15865525393145707,-4.40,.((((........))))((.(((.((....))))).))..,TTAGTTTTACCCTACTGATGATGTGTTGTTGCCATGGTAA
>ENST00000544983_____1|509|diff,0.1586552539314569,-5.30,((((..(((.(((........))).))).)))).......,GACAAGCATATGGCTGAACTTTCAAGTGATGTCATCTTAC
>ENST00000589496_____2|3419|diff,0.8413447460685429,-6.10,..........(((((....)))))................,ATCCCATTACTGGGTATATACCCAAAGGACTATAAATCAT
>ENST00000552984_____1|515|diff,0.15865525393145707,-14.50,.(((((((((.(((...))))))))))))...........,GGCAAGCACGTGCCCCGGGCTGTGTTTGTAGACTTGGAAC
>ENST00000538451_____1|629|diff,0.8413447460685429,-5.00,........((((.((((.((.....)))))).))))....,GATCAAACTCAAAGGCTACACATCCTGGGCTATTGGACTC
>ENST00000542416_____1|340|same,0.15865525393145707,-7.20,.(((....)))....((((((((....)))).))))....,CGTCACTTGACAATGCAGATCTTCGTGAAGACTCTGACTG
>ENST00000361624_____2|808|same,0.15865525393145724,-4.00,......(((.((((..............))))))).....,AAAAAAAGAACCATTTGGATACATAGGTATGGTCTGAGCT
>ENST00000408564_____2|73|diff,0.1586552539314574,-10.30,((((....((((((........))))))...)))).....,GGCCTAAAGGACTGTCTTCCTGTGGTCTGTTGGCTGTTCT
>G087360__chrM___131____1617_neg|1271|same,0.15865525393145707,-4.60,(((((((..........)))))))................,CTTTGTTTTTGGGGTTTGGCAGAGATGTGTTTAAGTGCTG
>promoter__chr1___146987842____146992111_pos|968|same,0.841344746068543,-3.40,.......(((....((.....)).....))).........,GTGTAGGGGAATCAGCTTAATGTGTCTGTCCATGTCTGAA
>promoter__chr1___146992516____146995675_pos|1052|same,0.8413447460685429,-3.40,.......(((....((.....)).....))).........,GTGTAGGGGAATCAGCTTAATGTGTCTGTCCATGTCTGAA
>enhancer__chr1___161611362____161616762_pos|1349|same,0.8413447460685429,-4.70,..........((.((((((((....)).)))..))).)).,GATTTCTAAAATTCCAAACCGGGGACgcgttggtggtgta
>enhancer__chr17___59840458____59842258_pos|786|diff,0.8413447460685429,-3.20,........(((..(((((.......)))))..))).....,GTTTTGCCTACCATCGTGACATCTCCATGGCTGTACCACC
>enhancer__chr1___228637607____228645207_neg|5845|same,0.15865525393145707,-12.40,.((.(((......)))))(((((((.....)))))))...,agtacttggatgggagaccgcctgggaataccgggtgctg
>enhancer__chr16___21425477____21426477_neg|606|same,0.15865525393145707,-7.30,............((((((..((((...))))))))))...,ACTTACACTCTAAGGTCACCTGGTTGCACTATGGCCTCAT
>enhancer__chr8___127198991____127202791_neg|523|same,0.8413447460685429,0.00,........................................,tctatgccttttatttatttttcttTTGAACTTTTTGCTG
>enhancer__chrX___154349644____154353644_neg|3614|same,0.8413447460685444,-9.90,.......(((.(((((((((......)))).))))).))),TCTGGAAGGCGGTGTCACAGGTAAGTCTGTCGGTGCGGCT
>NR_145819_____1|2070|same,0.8413447460685424,-17.20,.((((....))))...((((((..((....)).)))))).,GGCGGGGCGCCGCGGGACCGCCCTCGTGTCTGTGGCGGTG
>ENST00000605502_____1|420|same,0.1586552539314578,-6.70,..............((((..((((((....)))))))))),TCATGTCTGTAGTTCGTTAATAGAGAAGTTTCTCTGAACG
>ENST00000528834_____1|300|same,0.8413447460685429,-7.90,..........((((.((..((....))..))..))))...,CTTGAAGCCATTCCTGGGACAAATGTGGACCTTGGAACAC
>ENST00000473525_____1|112|same,0.8413447460685429,-4.50,((..(((........)))...)).(((((....)).))).,CCAAGTGGACCGCAACATCAAGGAGGCTCGTGAGAAGCTG
>ENST00000394315_____3|510|same,0.8413447460685429,-2.90,....((..((((.....))))...))..............,ACAGCTGCAGCTATCAAGGCTATAAGAGAAAGTGGAATGA
>ENST00000380799_____1|266|same,0.15865525393145707,-4.70,..((((((......))))))....................,TAGAGGCTATGGAAAGTTTCAGACTGCTAGAATGGAAGAT
>ENST00000529548_____1|35|same,0.15865525393145707,-11.90,.....((((.((((...(((......))).)))).)))).,AGAGTCGTCGGGGTTTCCTGCTTCAACAGTGCTTGGACGG
>ENST00000570382_____1|313|diff,0.15865525393145707,-8.50,..(((((.((....)))))))...(((.....))).....,CATCGTCACCAACTGGGACGACATGGAGAAGATCTGGCAC
>ENST00000383898_____1|25|same,0.15865525393145707,-1.40,.(((.....)))............................,CGCTTCGGCAGCACATATACTAAAATTGGAACGATACAGA
>promoter__chr17___50744441____50747241_pos|2215|same,0.841344746068543,-1.70,....(((......((......)).........))).....,GAAAGTCATATAAGCACAGGAGCAAAAGTCGGGACAGAGA
>promoter__chr22___30976014____30978014_pos|1946|same,0.15865525393145707,-11.10,(((((((.((((((...........)))))))))))))..,TTTTCAGCACCTGGAACCTCATCTATCGGGTCTGGAAGGA
>enhancer__chr2___10110571____10123771_pos|13132|same,0.8413447460685429,-0.90,...(((...................)))............,GTAGGCTTTACTCTCTTCCTTTTATGCTAAAATTGTGACT
>enhancer__chr14___102076557____102082557_neg|170|same,0.15865525393145724,-6.20,((.(((((.((.((.......)))))))))...)).....,GTATTGTCACAAGCACATATGGCTGGACAGCAAACATGGA
>L1M4c__chr11___65499661____65499925_pos|154|same,0.15865525393145707,-2.00,.((((...........))))....................,aagctaggaaacaaaaagctaagggcaaaatgtacaaact
>NR_146118_____1|1674|diff,0.841344746068543,-6.20,((((((...(((..((.....))..))).)))))).....,CTGGTTCCCTCCGAAGTTTCCCTCAGGATAGCTGGCGCTC
>ENST00000470551_____1|2940|same,0.15865525393145702,-5.30,...((.(((.(((((((...)))))))....))).))...,GTACTCAGCCTTTGCAATTTTTGTAGATGTAGCTTAGGAC
>ENST00000456859_____2|570|same,0.8413447460685428,-4.30,(((((.....))))).........(((((...)))))...,AAGCTTAATTGGCTTAGTGTCGACTTCAATAATTGGAAAG
>ENST00000457312_____1|286|same,0.15865525393145707,-14.30,((((((((.(((((........))))))))))))).....,TAGAGTCACTGGCCAGCACCAAGGCTATGGCTTTGTGGAA
>ENST00000361227_____2|74|same,0.5,0.00,........................................,ATTATTACATTTTGACTACCACAACTCAACGGCTACATAG
>ENST00000600213_____3|232|same,0.15865525393145757,-2.30,...........((((..((.........)).....)))).,AAGAGAACCAAAGCTAAGGCCCCCGAAACCAGACGAGCTA
>ENST00000609741_____2|2178|diff,0.15865525393145713,-4.90,....(((..((((....(((......)))...))))))).,TTACTCATTGGAGGAACAGTACCTTGGCTTGGCTCTTGAC
>G033992__chr17___22520709____22523110_pos|2006|same,0.15865525393145707,-1.80,.......(((((......................))))).,CCACCTCTTGCTCAACCCATATACCGCCATCTTCAGCAAA
>promoter__chr1___157707562____157713362_pos|1866|same,0.841344746068543,-1.30,...(((.....)))..........................,AAAGTCAAGAGGACCTACTATAGAAGAACTAACTGAGAAA
>promoter__chr9___33032402____33040002_pos|2388|same,0.8413447460685429,-1.20,((((....(((........)))..))))............,CATTTTGAGCTAAATAATGAGTATGATGAACACTGAAGCA
>enhancer__chr1___206461009____206461900_pos|44|same,0.15865525393145724,-7.90,((((...(((((...........))))).)))).......,CAGGATATTGAGGCAACAATGAACTCGGCCCTGAATGAGC
>enhancer__chr11___62790176____62806376_neg|4389|diff,0.8413447460685419,-9.50,((((((..((.(((....))).))..))).))).......,GACGCCAGTACTGCCTCTGCATTGAAGGCTGTCAACTATA
>enhancer__chr5___70491461____70491861_neg|204|same,0.15865525393145813,-10.50,.....((((.((((..((((.....))))..)))).)))),GTTGGGAGCAACAGATGCTAAAGAGTAGTTGCTGTAGTTC
>enhancer__chr5___150447851____150450451_neg|720|same,0.8413447460685429,-9.80,.((.((((((((..........)))).))))...))....,CCCCCTCCCACTCTCTCTTTCCGGTGTGGAGTCTGGAGAC
>enhancer__chr8___35522398____35524998_neg|251|diff,0.5,-0.30,......................((((..........)))),TCCAAAATAAAAGTAACAAGCTGACTGTGATTCTTAAGTT
>NR_146151_____1|2073|same,0.8413447460685429,-15.50,....(((((((((..(((....))))))))))))......,GGGGCGCCGCGGGACCGCCCTCGTGTCTGTGGCGGTGGGA
>NR_146154_____1|4310|diff,0.8413447460685426,-6.30,..........((.(((((..((...)).))))).))....,TACGAATACAGACCGTGAAAGCGGGGCCTCACGATCCTTC
>ENST00000385255_____3|22|same,0.15865525393145707,-9.30,.(((((((((.............))))..)))))......,GCTGCTTGCCTCCCCCCGTTTTTGGCAATGGTAGAACTCA
>ENST00000517300_____1|212|diff,0.841344746068543,-4.50,...((...((((((((.....))))..))))...))....,CAAACAAGCTCTCAAGGTCCATTTGTAGGAGAAGGTAGGG
>ENST00000597346_____1|60560|diff,0.8413447460685429,-6.40,.(((((........))))).....................,AGACCTGCAGCTGAGGGTCCTGACTGTTAGAAGGAAAACT
>ENST00000262455_____6|755|same,0.8413447460685429,-2.60,........(((((...)))))...................,AACGAGTAGCGAATATTTTGCATGATGACTGTGCCTTTCT
>ENST00000266079_____4|2856|same,0.15865525393145707,-10.30,........(((((....(((((....))))))))))....,GGGAGCTGTGGTGCGCCGTGTCCAAGGACATCGCCAACTG
>ENST00000449141_____2|44|same,0.15865525393145696,-15.80,.(((.((...)).)))((((((((.......)))).)))),TGGGTCTCTCGGTCCCGCAGCCGTGAGGAGGACGGTCTGC
>ENST00000361789_____2|738|diff,0.15865525393145707,-2.50,.................((.((((.....)).)).))...,TGACATTAACACTATTCTCACCAGACCTCCTAGGCGACCC
>ENST00000532986_____1|287|diff,0.8413447460685428,-5.20,..(((((...(((((........)))))..))))).....,CCAGCATTTGAGGGTGATGATGGATTCTGTGTGTTTGAGA
>ENST00000600213_____3|738|diff,0.5,0.00,........................................,ACAATCAACCAACAAGCCATTATTACCCTCACTGTTAACC
>ENST00000303910_____4|172|diff,0.15865525393145707,-8.00,.((((((....))))))...((((........))))....,CCTGGCAGCGGTGCTGGAATATCTGACGGCCGAGATCTTA
>promoter__chr6___27687863____27688863_pos|628|same,0.15865525393145719,-8.50,.(((((((...))).))))...(((((........))))),AAGGGGCTATAGGCACCTTACAGTGACAGAGGTACGTTAC
>enhancer__chr11___65504177____65505177_pos|331|diff,0.15865525393145707,-5.90,......(((.(((.(((.......))).))).....))).,AAAAAATCCAGCTGAGTGATAAAGGCTGAGTGTTGAGGAA
>L1MEc__chr12___120793783____120794391_neg|84|same,0.15865525393145707,-4.60,....(((((....(((......))).........))))).,ataaagccaaaaaaggttaatccctgttgtctagtggtta
>NR_146154_____1|2680|same,0.8413447460685429,-13.40,...(((((((((((........))).)).)))))).....,AGAGGGGCCCGTGCCTTGGAAAGCGTCGCGGTTCCGGCGG
>ENST00000385240_____1|35|same,0.15865525393145707,-2.30,.............(((...((.((.....)).))...))),TTTTTTAAAAGGTCACAATCAACATTCATTGCTGTCGGTG
>ENST00000384871_____1|23|same,0.5,-4.90,.........(((((.((.......))))))).........,GATGTTGGCCTAGTTCTGTGTGGAAGACTAGTGATTTTGT
>ENST00000478928_____1|4991|same,0.15865525393145707,-3.10,...(((..(((((....)))))..))).............,TTAATAAGTGTATCACCATGCAGATGTAGAAGAGAGCGAA
>ENST00000267119_____5|508|diff,0.8413447460685426,-7.70,....(((..((((.......)))).)))((((...)))).,AGTTCGCCTCCTTCATCGACAAGGTGCGGTTCCTGGAGCA
>ENST00000565907_____1|357|diff,0.8413447460685426,-2.90,..((((.((........)).))))................,CTGACATGATAATGTATTTTTGTCCTCTAAGAAGTTCTGA
>ENST00000361390_____2|224|same,0.5,0.00,........................................,ACCCTCTACATCACCGCCCCGACCTTAGCTCTCACCATCG
>ENST00000403734_____2|3562|same,0.8413447460685428,-5.80,...............(((.((((......)))).)))...,AGACAATTCCCGGAAGGAAGTCCAACGAAGGATCTCTGCT
>ENST00000410423_____1|87|same,0.8413447460685429,-4.10,..........((((((...(((.....)))...)))))).,TTCCTCTATCCCAGGACAATATATTAAGTGGATTTTTGGA
>enhancer__chr12___12849932____12851332_pos|1336|diff,0.15865525393145707,-1.90,................(((((.....))))).........,GGAGAAAGAAAGAGAAAATCAGTTCGTGGTTGCATAGTGG
>enhancer__chrX___41348659____41354659_pos|1502|same,0.15865525393145707,-12.70,..((((((((((.....)))))).))))............,AGATGCTAGCACTGCATGTGCTGTGCATATTCTGATTTTA
>enhancer__chr1___16677931____16680731_neg|2479|diff,0.15865525393145707,-3.60,..((((((.((.....))...)))))).............,cacGTGGTTGTTTTTCACTTCGCTATGGCTCTTTACTTGT
>enhancer__chr21___39273934____39274734_neg|291|same,0.15865525393145713,-2.80,......((((..((........))..))))..........,TGGTAGCAGAGATGGAACAGCACGGATTTGGAGATTTGAG
>enhancer__chr5___80625869____80626869_neg|41|diff,0.15865525393145707,-5.30,(((..(((((......))))).)))...............,gaaagggttggttaggcaatcattctagggcagaaagaag
>enhancer__chr7___140385662____140390262_neg|3452|same,0.1586552539314574,-13.30,(((.....(((((((((....)))))))))...)))....,ggttagtgcttgggtgggacactgcctgggaataccgggt
>enhancer__chr8___58595733____58597933_neg|591|same,0.8413447460685429,-2.70,..(((((..(((((((..........))))))).))))).,GTGAGCACCTTTTGTTTCTCTTCTGTGATGAAAATGTTTC
>SAR__chr8___43237602____43242377_pos|2525|same,0.15865525393145707,-2.80,......(((((............)))))............,atatactgtacataaaaagcaacgtacacaaaatatatat
>NR_145820_____1|1530|diff,0.8413447460685429,-9.50,..........(((((..((((.......))))...))))),TCCGGGGCTGCACGCGCGCTACACTGACTGGCTCAGCGTG
>ENST00000408840_____1|79|same,0.8413447460685429,-10.00,..................((((.(((((...))))))))),CTCGTCTGTGTTGCCAATCGACTCGGCGTGGCGTCGGTCG
>ENST00000384915_____3|23|same,0.841344746068543,-4.50,(((.((..........)))))...................,GAGACCGAGTGCACAGGGCTCTGACCTATGAATTGACAGC
>ENST00000385043_____1|21|same,0.8413447460685429,0.00,........................................,ATCTGTCTGTCTTCTGTATATACCCTGTAGATCCGAATTT
>ENST00000385011_____1|26|same,0.841344746068543,-2.80,............((((((.......)))))).........,GTTGTAACGTTGTCTATATATACCCTGTAGAACCGAATTT
>ENST00000384958_____1|26|same,0.841344746068543,-3.60,............(((((((((...))))....)))))...,AGTGTGACTCCTGTTCTGTGTATGGCACTGGTAGAATTCA
>ENST00000390183_____1|67|same,0.841344746068543,-9.90,(((((.((.......)).)))))(((((...)))))....,GGAGGTGATGGATGTTTTCCTCCGGTTCTCAGGGCTCCAC
>ENST00000385200_____3|32|same,0.15865525393145707,-5.70,.......(((((....((.....))...))))).......,TCTTCATGTGACTCGTGGACTTCCCTTTGTCATCCTATGC
>ENST00000385135_____1|64|same,0.15865525393145735,-6.30,.......((((.(((((((........))))))).)))).,TTCTGTGTTCGTTAGGCAACAGCTACATTGTCTGCTGGGT
>ENST00000384998_____1|68|same,0.15865525393145707,-2.80,...((((.(((((....)))))))))..............,TTACTTAATAGATTAATATTTGTAAGGCACCCTTCTGAGT
>ENST00000384857_____1|60|same,0.15865525393145707,-6.80,((.((((((........)))))).))...((....))...,CACTCATGTAAACTAAAACATGATTGTAGCCTTTTGGAGT
>ENST00000447221_____1|1151|diff,0.8413447460685429,-8.50,..((((.((((...)))).))))........((....)).,TGAGCGGCTGCCCTGCGGATGCTGTCCTGGACCTGTTGGC
>ENST00000567761_____1|410|same,0.15865525393145707,-6.40,.((((((..((((....))))..))))))...........,GCTTTCAGTAAATTCTCATTTTATGAAAGACCTGGGCTTA
>ENST00000258383_____3|734|same,0.15865525393145702,-3.00,..(((.(((((..(((.((....)).)))..))))).))),AGGGACTTCTTAATTACTCAAATGACTGGAAAAGAGCTCT
>ENST00000483135_____1|250|same,0.8413447460685429,-4.70,............(((((........)))))..........,CCTAACACTGAAACCAATGGTGAATTTGGTAAACGCCCTG
>ENST00000336949_____6|2388|diff,0.8413447460685429,0.00,........................................,TAAATTTATTTAAAACTTTTTTTAATCCAGATGTAGACTA
>ENST00000493298_____1|345|diff,0.15865525393145707,-8.30,(((((((((.....)))))).........)))........,GCTGTGGCTGCTGTGGCCATGAAAACTGTGGCAAACGATG
>ENST00000540040_____2|557|same,0.5,0.00,........................................,ACCACCCAAAAAATTCCAAACACATAACTGAACTCCTCAC
>ENST00000620804_____1|5829|same,0.15865525393145707,-5.00,..........((((...(((......)))...))))....,TATTTTTGGGATGTGAGGGTGATCTGGCTGCGACATGTGT
>ENST00000622507_____1|271|same,0.8413447460685429,-5.60,.........................(((((....))))).,AGGAAAATGATCAACAGCCCTTAAGCAGAGAGGACTCTGG
>ENST00000390880_____2|44|diff,0.15865525393145696,-7.10,.(((((((((......(((((....))))))))).))))),TCTATAGTTTGCTACTAGAGAAGTTTCTCTGAACGTGTAG
>ENST00000408534_____2|44|diff,0.15865525393145707,-5.90,......(((((......((((....)))))))))......,TCCTGAGTTCATTACTAGAGAAGTTTCTCTGAACGTGTAG
>ENST00000628329_____1|44|diff,0.15865525393145707,-7.30,.(((((...((((..((((((....))))))))))))))),TCTATAGTGTGTTACTAGAGAAGTTTCTCTGAACGTGTAG
>ENST00000625845_____1|44|diff,0.15865525393145707,-7.30,.(((((...((((..((((((....))))))))))))))),TCTATAGTGTGTTACTAGAGAAGTTTCTCTGAACGTGTAG
>ENST00000627253_____1|42|same,0.841344746068543,-5.70,............(((..((((((....)))))))))....,TTTCTATAGTTTGTTACTAGAGAAGTTTCTCTGAACGTGT
>G087360__chrM___9934____14148_neg|423|same,0.15865525393145707,-4.80,.........................(((........))).,TTAGTAATGAGAAATCCTGCGAATAGGCTTCCGGCTGCCA
>promoter__chr7___74191198____74195998_pos|3652|same,0.15865525393145707,-8.90,...(((...((((((.......)))))).....)))....,GCCCTCCCCTCCGTGGATCCAACATGGATTTCAGAGAACC
>promoter__chr1___1785641____1786441_neg|529|diff,0.1586552539314569,-9.70,.((((.(((((..((.........))..)))))...)))),ACCATTGCGGCTCTGTCCACTTCTCGTTGCTGCTCTGTGG
>promoter__chrX___154350444____154358244_neg|3195|same,0.8413447460685429,-11.50,(((...((..(((((..........)))))..))..))).,CTGGCATCGGCCCCACCATTCAGATTGGGGAGGAGACGGT
>enhancer__chr17___8185832____8187632_pos|1381|same,0.8413447460685429,-12.10,.......(((..((((((((.......))))).))).))),agtaaacaggagatcctgggttcgaatcccagcggtgcct
>enhancer__chr19___37571418____37574818_pos|1226|same,0.15865525393145707,-8.10,.((((((((...........))))))))............,tgTTTTTGCTAAGAAAGTATGCAAGAACTGCTAACTCATG
>enhancer__chr11___59798375____59806575_neg|33|same,0.15865525393145696,-14.10,.........(((((((((((....))))))))....))).,CACAAGTTGCCCTTCGCAGCAAAGGCTGTGAGCCGCGGGA
>enhancer__chr6___56631484____56666084_neg|34087|same,0.15865525393145719,-7.20,.............((((((((.((....)).)))))))).,AATCTCTACATCTCTGAAGTTCGAAACATTAGACTTCGGT
>enhancer__chr9___33160402____33176602_neg|11065|diff,0.15865525393145702,-4.10,(((.(((((((......))))))).))).(((....))).,CAAGTTTGGGAAGAACATCTTGGAATTGGTCAGACGTGAA
>L1M1__chr7___66340233____66340798_pos|462|same,0.15865525393145707,-2.40,...........(((.....(((.....)))....)))...,ttaaccaaataagtgaagaatctctgtgatgaaaactgta
>NR_146119_____1|1530|diff,0.15865525393145635,-9.50,..........(((((..((((.......))))...))))),TCCGGGGCTGCACGCGCGCTACACTGACTGGCTCAGCGTG
>NR_003286_____4|1531|diff,0.8413447460685429,-11.50,........((((((..((((.......))))...)))))),CCGGGGCTGCACGCGCGCTACACTGACTGGCTCAGCGTGT
>ENST00000384858_____1|26|same,0.841344746068543,-0.90,.......(((...((......)))))..............,CAGAAATGGTATACAGGAAAATGACCTATGAATTGACAGA
>ENST00000408479_____1|71|same,0.15865525393145707,-13.60,((((.(((((((....)))))))..))))...........,CCAGATTTCCCAAAGTTGGGAAAAGCTGGGTTGAGAGGGC
>ENST00000385230_____1|21|same,0.8413447460685429,-10.80,(((...(((((........)))))........))).....,CCCTTTCCCAGGGGAGGGGCTGGGTTTACGTTGGGAGAAC
>ENST00000385300_____1|60|same,0.8413447460685429,-5.90,..((...((((........))))...))(((......))),TCTCTGGTCAGTTGGGAGTCTGAGATGAAGCACTGTAGCT
>ENST00000385238_____1|23|same,0.5,-4.90,(((.((((.....(((...))).....))))...)))...,AGCCTGTGCCCAGCAGCCCCTGAGAACCACGTCTGCTCTG
>ENST00000607520_____1|3125|same,0.841344746068543,-3.50,.(((((..(((((........))).)).))))).......,CTTTTAGCCTCCTAAATGAAAAGGTAGATAGAACAGGTCT
>ENST00000521051_____1|211|same,0.15865525393145707,-17.10,....((((((((((((((...))))))))....)))))).,GGACAGCTTGAGCCCAGAACTTCTGGGCTGTAGTGAGCTA
>ENST00000582126_____1|463|same,0.15865525393145685,-7.40,..........((((((.((((.......)).)).)))))),GGAGGGACTGGGTTCAAAGTCAAGTGCCGATCTATGAACC
>ENST00000498711_____1|2453|same,0.841344746068543,-3.90,.((((((.((((....)))).))).)))............,TTACTAACCCTTCCCTGAGGTTTGTGTATGTTGGATATTG
>ENST00000480615_____1|573|diff,0.15865525393145702,-3.80,............((.((.(((.....))))).))......,AGAATTTCCCCTTTGAGCGTCTGTACGACCTGAATCATAA
>ENST00000307366_____7|120|same,0.8413447460685426,-8.00,.(((..(((((...(((...)))..)))))))).......,TGCAAGGCACGACGCTGCAACGGGATGTGCTGCTCTTTGA
>ENST00000604929_____1|1590|diff,0.8413447460685429,-4.10,((((..(((....))).))))......((((....)))).,GTTGAGTGGATCCCCAACAATGTGAAAACGGCTGTCTGTG
>ENST00000356476_____2|170|same,0.15865525393145707,-6.50,..((((.((.(((...............))).)).)))).,GAGATCCGCCGCTACCAGAAGTCGACCGAGCTGCTGATTC
>ENST00000543500_____2|1427|same,0.15865525393145707,-3.00,............((((........))))............,ACTTAACATTCCTCCTACTACGAAAGGACAAGAGAAATAG
>ENST00000619918_____1|5830|same,0.8413447460685429,-5.00,.........((((...(((......)))...)))).....,ATTTTTGGGATGTGAGGGTGATCTGGCTGCGACATGTGTC
>promoter__chr16___3183598____3185398_neg|1247|same,0.15865525393145707,-16.30,(((.((.....((((.(((.......)))))))..))))),gggtgcgagaggtcccgggttcaaatcccggacgagcccc
>enhancer__chr11___108325253____108330253_pos|841|same,0.8413447460685429,-4.80,.......(((..(((((((......))..)))))..))).,ATTTCAAATTAAACAGTACAATTCAGTTAGCTGTGGAGTC
>enhancer__chr12___52236082____52249282_pos|7024|diff,0.15865525393145707,-5.70,..((.((((.......))))...))...............,AACCGGGCCATCCAGAGGCTGCAGGCTGAGATCGACAACA
>enhancer__chr2___210010786____210011586_pos|473|same,0.15865525393145707,-3.60,(((((((.(((.....))).)))..))))...........,CATGATTAGCTTATATAGCAGATACCGTGACTTTTCCTAT
>enhancer__chr10___93373663____93375463_neg|598|same,0.15865525393145735,-7.30,((((((((((..............)))))..))).))...,TCCAGGTCTCTCTCCCAAATACATGAGGCGGCTGTGAGGA
>NR_146152_____1|1532|diff,0.8413447460685429,-12.10,.......((((((..((((.......))))...)))))).,CGGGGCTGCACGCGCGCTACACTGACTGGCTCAGCGTGTG
>NR_146154_____1|1266|same,0.8413447460685408,-9.10,........(((((.......))).))..((((....)))),GAGGGGGACGGCGGAGCGAGCGCACGGGGTCGGCGGCGAC
>ENST00000362219_____2|27|same,0.5,-1.90,((((........))))........................,GAGCCGCCCGCCGTTCCTTTTTCCTATGCATATACTTCTT
>ENST00000385189_____3|24|same,0.15865525393145707,-5.40,....((((.(((.((.((((.....)))).)).))))))),CGCTCAGCTGATCTGTGGCTTAGGTAGTTTCATGTTGTTG
>ENST00000521276_____3|46|same,0.8413447460685434,-4.60,((((((............)))))).((.(((...))).)),ctagtatgtctcatcccctactagactgaagctccttgag
>ENST00000470944_____1|1448|diff,0.15865525393145719,-3.50,...........((((.....))))................,CATCTGTTATCCTGCTAGCTGTAGAAATGTATCCTGATAA
>ENST00000492798_____1|189|diff,0.8413447460685429,-7.60,(((.....(((((((...)))))))..)))..........,TGGCTAAGCTGGTGGAAGCTATCAGGACCAATTACAATGA
>ENST00000361789_____2|485|diff,0.8413447460685429,-4.40,........((.(((..((((.......)))).)))))...,ATTGGGACAGACCTAGTTCAATGAATCTGAGGAGGCTACT
>ENST00000364688_____1|71|diff,0.8413447460685419,-4.60,((((..........)))).....((.((....)).))...,GCGAGTCTTATCCATTGCACTCCGGATCTGCTGACCCCTG
>ENST00000410533_____1|92|same,0.15865525393145707,-6.80,((.(((((((((.((((.....)))))))))))))..)).,CTATCTGAGGATACTATATTAAATGGGTTTTTGGAGCAGG
>promoter__chr6___110979811____110983811_pos|2291|diff,0.15865525393145707,-7.10,..(((((..((....((....))..))...))))).....,TAAGAGTTGCAGGTAGCGGTAGCGATGGACACTCTGGATC
>promoter__chr5___134194111____134200111_neg|3107|diff,0.8413447460685429,0.00,........................................,TTGAGTAAATTTTAGAATTTGTAGACTTGTAGGTAAAATA
>enhancer__chr1___227558253____227561053_pos|100|same,0.8413447460685386,-8.40,(((((..(((..............))).))))).......,tcagtttcccacaacaGAAATACCGGGTGCTGAAGGCTTT
>enhancer__chr15___65868555____65869155_neg|75|same,0.15865525393145702,-9.40,.....((((.....(((((.......))))))))).....,ctgaatccagcgatccgagttcaaatctcggtggaacctg
>ENST00000385006_____1|24|same,0.8413447460685429,-4.40,....((.((((((.....))))))))..............,AGTCGCTGCGGGGCTTTCCTTTGTGCTTGATCTAACCATG
>ENST00000443778_____2|1702|diff,0.15865525393145707,-12.30,((((...((((((.(((...))))))).))...))))...,CTGTAATCCCAGCACTTTGGGAGGCTGAGGCGGACGGATC
>ENST00000397149_____3|156|same,0.15865525393145707,-13.10,((..((((..((((((......)))))).....)))))).,CCTTGCAGGAGGAGACTACTGTGTCTCTGAATACTGTGGA
>ENST00000497971_____1|1670|diff,0.8413447460685426,-4.60,...(((.((((((..............)))))).)))...,AAACAATCATGCTAAAGAGGAAAGGACAGTGTGCTTGGTT
>ENST00000306024_____3|504|same,0.15865525393145663,-5.40,.((..((...(((((........)))))...))...))..,AGGGCGCAGGGTTTGAAACATGGCGGACGACGTAGACCAG
>ENST00000409602_____1|3190|diff,0.8413447460685429,-1.50,.((....((((........))))...))............,TGGACTCTGACTTAGTTGCGTTACACCCTTTCTTGACAAA
>ENST00000403734_____2|1378|same,0.8413447460685428,-5.30,..((((((......((....))....))))))........,CAAGAATGGAGAAGACCTAGGTGTGGCATTCTGGATCAGC
>ENST00000615164_____2|97|diff,0.8413447460685429,-8.50,((((..(((..((((((....))))))..)))..))))..,CGTTGGTGTGTTGGTCATGTCTGGTCGCGGCAAAGGCGGA
>T198785|2823|same,0.15865525393145707,-11.90,...........(((((((.....)))))))..........,GGATGGGAGACCACCCGGGAATACTGGGTGCTGTAGGCTT
>G033992__chr17___7059204____7094003_pos|10179|same,0.8413447460685429,-3.40,(((((.....))))).........................,CAAGATTTTTTCTTGCAAAAAAAAGACTTTTTCTCTGACC
>promoter__chr2___202925787____202930187_pos|232|same,0.8413447460685429,-8.70,.....(((((((....((((.....)))).)))))))...,TCCTTCAGCTGCACCAGCTCCTTCAGGGCCGTGGTTGTGA
>promoter__chr18___3306402____3307802_neg|938|same,0.8413447460685439,-5.20,((((((((((.......)))).)))).))...........,actgctcataacacccctgtgaagcgtgtgctcgtatttt
>promoter__chr19___7886915____7887115_neg|121|diff,0.841344746068543,-6.80,..........(((((.((....)))))))...........,gatgggagaccacctaggaataccgggtgctgtaggcttG
>enhancer__chr15___59345017____59349617_pos|2627|same,0.841344746068543,-0.90,.((((((..............)))))).............,ctggtttaggaataaagaaaaggatcaaggaaacagaaga
>enhancer__chr3___50419761____50420561_pos|121|same,0.841344746068543,-3.60,...((((.((((((((.....))).....))).)))))).,atgggagaccacatgggaaaactgggtgctgtaggctttA
>enhancer__chr4___7581873____7583273_pos|643|same,0.8413447460685429,-4.40,((.(((((.(((....))))))))))..............,ccatcatgcaatgcacattcgtggggaacctggcgctaag
>enhancer__chr17___41883695____41886695_neg|2480|same,0.15865525393145702,-9.30,.........(((((((((((.........))))))))))),TCAGGACACTCCAGGAGTCAAAATGATTGTGGTTCTTGGA
>L2c__chrX___74218419____74218583_neg|115|same,0.15865525393145707,-5.50,.............(((((......)))))...........,ctttgtattcacagtgcctaatccggtgcacattgtaggc
>NR_046235_____3|9199|same,0.8413447460685426,-9.10,........(((((.......))).))..((((....)))),GAGGGGGACGGCGGAGCGAGCGCACGGGGTCGGCGGCGAC
>NR_003287_____4|1275|same,0.8413447460685439,-9.10,........(((((.......))).))..((((....)))),GAGGGGGACGGCGGAGCGAGCGCACGGGGTCGGCGGCGAC
>ENST00000431311_____1|205|same,0.15865525393145707,-6.90,((((....((((......))))...))))...........,GCTGACAGATGCATCTCAGTATGCCCGGCACCTCCACCAC
>ENST00000519363_____1|401|diff,0.8413447460685429,-11.30,(((((........)))))........(((......)))..,TGGGGGACCTCCACCCCGACGTGACCGAGGCGATGCTCTA
>ENST00000584056_____1|265|same,0.5,-5.80,......((.(((((.(((.........)))..))))).)),CAACATGTGTTGTTTGCTTCAATCGGTGGTGTGACAAGGC
>ENST00000557960_____1|54|diff,0.15865525393145707,-3.60,.((((..(((..................)))..))))...,GTGTTTTGCTACAATTAAGGACGGAAAGAGCTTGACAAAA
>T122847|1624|same,0.15865525393145707,-12.80,..(((((....((((((.........)))))))))))...,CAGTGGGCCCTGGTGCCACAATGCCCGGCATCTCCACCAG
>G004258__chr1___144419190____144442605_pos|135|same,0.5,-9.70,((....))..(((((.......)))))((((....)))).,ccgaaaggttggtggttcgagcccacccagggacgcTTGT
>G004492__chr1___148279544____148286961_pos|1801|same,0.15865525393145707,-12.60,...((((..(((((((....))))...))).....)))).,CTAGAGCAAGCTCCGCCATCGCGGTTTAGCCTGTGGCTCg
>enhancer__chr5___115554905____115558705_pos|888|same,0.15865525393145707,-4.80,.........((((((.......))))))............,ttatttagtgtttctgtgtgaaagaggctgtgcaaaaaag
>ENST00000579544_____1|72|same,0.15865525393145685,-8.90,..((((.(((.((((.......))))...)))..))))..,gctagaccacatgggttcagatcccagcggtgcctctaac
>ENST00000452982_____1|85|same,0.15865525393145707,-10.50,((((...(((((.....)))))...))))...........,AGCCCGAGAAGCCAGCAGCTTCCCCGGCTCCTCCACCAAG
>ENST00000532068_____1|650|same,0.8413447460685429,-3.20,..((((.......))))(((....))).............,CTGCATCCTGGCTGTGCCCACCTCTGGACTCTGAATCTCT
>ENST00000630360_____1|1018|same,0.8413447460685429,0.00,........................................,TGCTCCTCCTCCCCACCCCCATCCCATCCTCGCCGCCACC
>ENST00000514318_____1|148|diff,0.8413447460685429,-16.20,..(((((.((.....))))))).....(((((...))))),TCGTGGCACCCTCAAGGGCCACAACGGCTGGGTAACCCAG
>ENST00000618742_____2|2282|same,0.15865525393145707,-7.50,..(((...((.((((.((....))...)))).)))))...,TTGGTACCGTGAGAAAGGAAATCCCACTTCTGACACCTGT
>8414|38|same,0.15865525393145696,-10.80,....((.(((.(((((........)))))..)))..))..,GTTAGCGCGCGGTACTTATATGACAGTGCGAGCGGAGCAA
>T223033|650|same,0.15865525393145707,-5.40,.((((....))))....((((.......))))........,TAGCAGTCCTGCTCCCACAGATCCCACTTCTGACACCATC
>T343164|4907|same,0.15865525393145707,-12.80,.......((((((((.((...)))))))))).........,GCTCTTGCCCAGTGGCGAATATCTCACTGGGGCCTCCAAA
>G004258__chr1___148279544____148286961_pos|1801|same,0.15865525393145707,-12.60,...((((..(((((((....))))...))).....)))).,CTAGAGCAAGCTCCGCCATCGCGGTTTAGCCTGTGGCTCg
>G033992__chr17___19603208____19603796_pos|138|same,0.8413447460685429,-1.20,...............(((......))).............,cctattacaccacatcctaAAGTAAGGTCAGCTAAATAAG
>G078490__chr7___47582558____47607948_neg|10788|same,0.841344746068543,-5.20,.......(((.(((....((...))))).)))........,gtttacactcaccttccaggatcccgggcgagcccccagt
>promoter__chr14___35435892____35436692_pos|502|same,0.5,0.00,........................................,tttaattccagaatatttttgtcaccccataaacaccacc
>promoter__chr7___144723241____144726441_neg|1163|same,0.15865525393145719,-4.70,.................(((((.((....)))))))....,tcatttaactcttaccctgagaagcaggtgctcttattat
>promoter__chr8___8138858____8140258_neg|1348|same,0.15865525393145696,-11.90,.((((((........((((.....))))))))))......,cggctctctcctcatggcgtttctcgctggggcctccaAA
>enhancer__chr19___43647796____43650996_pos|1255|same,0.1586552539314574,-10.00,((.(((((.((..(((....)))..)).)))))...))..,GTACAGCAGGAGACATCAATGTGGTTCATGCTGAAGGCGT
>enhancer__chr2___85537655____85539655_pos|1629|same,0.15865525393145702,-3.00,.......((...(((.((......))..)))...))....,CACTTCCGCACACCGACACCAACATGAACGGACAGCTCAA
>enhancer__chr5___181171588____181175588_pos|2119|same,0.841344746068543,-11.60,.....((((((((((((...))))))).)).....)))..,gcgaaaggtccccggttcgaaaccgggcggaaacaccTCC
>enhancer__chr7___94221416____94224816_pos|2901|same,0.15865525393145702,-2.40,.....(((((((................))))))).....,TATTCTTGTTTAGGATTTCTAGTGCACATGGACGAACATT
>enhancer__chr2___238211281____238211881_neg|383|same,0.15865525393145696,-14.80,....(((.(((((((..((....))...))))))).))).,aaactagagggtccccagacatctcggtgggacctcctaa
>enhancer__chr8___127221791____127239991_neg|17952|diff,0.15865525393145918,-6.20,(((((..((((....)))).)))))...............,AGCATGAAGGACCTGTCCTGATGTTGAGAAGTGTGGATCA
>ENST00000625982_____1|53|same,0.8413447460685429,-3.30,(((((.((((.................))))..)))))..,GGAATTTAGAGAAGAAAAAAGGTGTGGTCTGCTGTTTCAT
>ENST00000623717_____1|2365|same,0.15865525393145707,-8.10,..(((((((...)))..))))...((((.......)))).,CCAGCTGTCAGAGACCAAGCTCCAGGTGACCCCTCCACCG
>ENST00000266079_____4|2447|same,0.8413447460685429,-8.20,...........((.((((((........))))))...)).,AACCCAAAGAACCCTGGGCTGTGGTTGGAGTCCGTGCGGC
>ENST00000397149_____3|933|diff,0.8413447460685429,-0.20,................((....(((((...)))))..)).,TCAAGGTGTGGAAGATTCAGAGTGGACAATGTTTAAGGAG
>ENST00000497453_____1|528|same,0.15865525393145707,-4.10,...(((..(((((...........))))))))........,GGAGATGCCTGAGGACACAGAAGACTTAGATCACTATGAA
>ENST00000320431_____7|665|same,0.8413447460685428,-7.70,...(((((((..(((....)))....))))))).......,TTCTGTTCAATAACCGCTTGGTGCACTTGGACGAGCATGC
>ENST00000617010_____2|8125|diff,0.841344746068543,-3.10,(((....(((......)))...)))...............,GAGGAACAGTACCTTGGCTTGGCTCTTGACGTGGACAGAA
>ENST00000640357_____1|1410|same,0.15865525393145707,-5.20,...((((((...))))))......................,TTTCAGCAACATTTGCTGCAAGTTTAGTCACCAGTCCTGC
>T125535|11184|same,0.15865525393145707,-2.90,............(((.(((.......)))..)))......,AAATAAATAAACAGAAACCAGAATCGGGTGCTCTTATAAG
>promoter__chr6___24975414____24976614_pos|974|same,0.8413447460685429,-6.50,.....(((...((....)).)))..((.((....)).)).,gaaaagGCTTTGCAGACGCCGCCGCCGAGGAAAACCGTGT
>promoter__chr10___26905459____26907059_neg|1343|same,0.8413447460685429,-13.30,.(((...((((..((((....)))))))).))).......,cgggctggcactgctgggggtccgggtgcaccctccacag
>promoter__chr16___2519197____2521397_neg|232|same,0.15865525393145735,-12.50,.......((((.((((.....))))..)))).........,AAAATGAGGGCGCTGGTTGCTCCGGGAGCCCCCTCCACCT
>enhancer__chr13___109537451____109538451_pos|461|same,0.8413447460685429,-6.10,.(((........)))((((((((....))))).....))),TGCTTTGATCGTAGCCCCGTTCTCTGTGGGACCTCCAGGG
>enhancer__chr17___48927462____48928062_pos|373|diff,0.8413447460685429,-1.50,...........................(((.......))),AGATGTAAGACAGAAAGTAAATGTGACTGGGACTTAACCA
>enhancer__chr2___39522251____39529651_pos|5450|same,0.8413447460685429,-11.80,.(((..((((((..(((......)))..))))))..))).,gcttcctcagggctgtctttcttgacctctctgaccaggg
>ENST00000315707_____3|659|same,0.15865525393145707,-14.30,..(((.(((.(((((.......)))))....))))))...,GCGAGAGGTCCCGGGTTCAAATCCCGGACGAGCCCTCCTT
>ENST00000558424_____1|1263|same,0.15865525393145707,-6.10,(((((.......))))).(((....)))............,GAGACCGACCATGTCTCCGAGAAGACTCTGATGAACTGAG
>ENST00000616097_____1|64|same,0.841344746068543,-5.50,..(((((........)))))......(((....)))....,GCTCTCAAGGAATTATGAGATTAGACTGGCTCACCAAGAG
>ENST00000528017_____1|3659|same,0.15865525393145707,-4.30,.((.((((..........))))))................,TTCTCTGCCGCACACACAGCAGGATTCCTGGTTTTCAAGC
>ENST00000496890_____1|90|same,0.841344746068543,-5.30,.(((.((....((......))..)).)))...........,CCCCCGCTCCCGCCCCTTCGCTCGTTGGGACCTCCAGGAC
>ENST00000537388_____1|2328|same,0.15865525393145719,-4.90,..........(((..(((.(((...)))..)))..)))..,AGGAAGTAAAATGGCAGGGGCAGAGTGCAGCTTAACATGT
>ENST00000558573_____1|523|same,0.15865525393145702,-5.00,......(((.(((((...))))).)))((((....)))).,CCACTTGCTAATTATATCATAATGGGTGACTGAAAGGTCA
>T156338|6423|same,0.8413447460685426,-17.50,((((....))))(((((((((..((...)).))))))))),GGGGCCTCCTCCCACTGGGGGCCGGGTGCCTCCTCCAGTG
>G078490__chr7___37547398____37585499_neg|35740|same,0.8413447460685429,-2.70,....(((..(((((........)))))...))).......,TCATTccaataaatcttttcatgtttagacggactcaagc
>G078490__chr7___97773506____97851687_neg|10681|same,0.8413447460685426,-8.90,...(((((((.((....)))).))))).............,gtgcagtggcgcaatcttggctcgctggaacctccacctc
>NR_146151_____1|6931|same,0.8413447460685429,-9.00,...(((.(((................))).))).......,GGTGGCGGGGGGGAGAGGGGGGCGCGCCCGGCTGAGAGAG
>NR_046235_____3|6961|same,0.8413447460685431,-9.00,..(((.(((................))).)))........,GTGGCGGGGGGGAGAGGGGGGCGCGCCCGGCTGAGAGAGA
>ENST00000587838_____1|741|diff,0.8413447460685429,-6.50,......((((((..(((...))).......))))))....,GTCTCCGCAGAGTGCCTTCCAGGAACAGATCTTTGCATAG
>ENST00000515733_____1|127|same,0.1586552539314569,-8.00,..((...(((((..(((....))).))))).)).......,TCCCATACAGATAACTCCTCTGAGGATCTGAGGAACATGT
>ENST00000517384_____1|298|same,0.15865525393145707,-5.00,...........(((((.......)))))............,GCACCCCACCCTGGTCACCCCTAGACCGCTCTGACCCCCC
>ENST00000578640_____1|373|same,0.15865525393145707,-7.80,...(((((.(((((((((......))))))))).))))).,GTCTGATGGTAATGGGTTATTCAGAACTTATTAATATTAC
>ENST00000632058_____1|1187|same,0.8413447460685428,-15.50,..(((.((((((((......))))))))))).........,GCGGCCTCTTCTGGCAGCTTCCGGAGGAGCCCCCACTTAA
>ENST00000607287_____1|515|same,0.15865525393145707,-7.20,..........(((.((.(((......))).)).)))....,TGCCTTTAAATATGATTCCCTAGGTTGGGTGTGATACTTC
>ENST00000608405_____2|333|same,0.8413447460685429,-13.00,.....(((((((((((.((.....)).))))))).)))).,CAGCCGGGCTCCGCGGGCCGCGAGGGATTGTGGGTGTTCC
>ENST00000624592_____1|728|same,0.841344746068543,-11.20,...........(((((((.............)))))))..,CTGGCCGCATGCCCAGAGACAGGATTAGGCGCTCTGGGGG
>ENST00000511231_____1|204|same,0.8413447460685429,-16.60,.(((((.(((((....))).)))))))(((...)))....,GGCTCTGCCCTGGATGCAGTGGAGAGCGGCTGTGCCATGT
>ENST00000475871_____1|234|same,0.15865525393145707,-11.50,..(((.....)))(((((((((((....)))))).))))),TTGCTGGAAGAGCGCTGCTGGGGTTAGGATTCTGCGCGGC
>ENST00000226091_____2|130|same,0.8413447460685429,-8.80,..(((((((..(((.....)))..)).)))))........,CCGGCTCCCCCAGTCCCCCACTTAGGCGGGCTCACAGATC
>ENST00000448778_____1|361|same,0.15865525393145719,-10.60,.(((((...((((....)))).)))))...(((....))),CACCTCCTCTCGCCAGAGTGATGAGGTCCCGGCTTCTGCT
>ENST00000377474_____3|4314|same,0.1586552539314568,-6.00,((((((((((...........))).)))))))........,CCTATAAGCTGTAATAGTGGAGGTATTGTGGGTTCATTTG
>ENST00000361381_____2|715|diff,0.8413447460685429,-2.40,((((((.........)))..)))(((((......))).)),CGCAGTACTCTTAAAACTAGGCGGCTATGGTATAATACGC
>ENST00000436881_____2|3385|same,0.8413447460685426,-14.70,......((((.....((((((((....)))))))).)))),TCCCCGTCGGTCCGCGGGGCTCTCGCTGGAGCCTCCCCGA
>ENST00000600213_____3|61|same,0.5,0.00,........................................,TAACCTTAACCAAACCATTTACCCAAATAAAGTATAGGCG
>G033992__chr17___34818833____34852851_pos|33976|same,0.8413447460685433,-7.30,..(((....))).(((((.((....))..)))))......,tgcagttagctgaggtcacgtgacagctctgaccaatggg
>ENST00000420938_____1|410|diff,0.8413447460685429,-5.90,.(((.....)))............(((((....)))))..,CTCTGATGAAGACTGGTATCTGTTCTGTGGGGACACGGTG
>ENST00000362079_____2|402|same,0.5,0.00,........................................,AAGTCCCACTCCTAAACACATCCGTATTACTCGCATCAGG
>NR_145819_____1|3420|diff,0.8413447460685429,-13.80,(((...(((((.((((.....)))).)).)))...)))..,TCTGTGGCGCGGGGCCCCGGTGGTCGTGTCGCGTGGGGGG
>ENST00000566747_____1|3510|diff,0.8413447460685437,-6.90,........(((((((((....)))).))))).........,CTCCTCTTGAGTCTGGGCTGGCCTGTGACTTTAATCAGTG
>ENST00000370355_____2|1843|same,0.15865525393145707,-10.50,.((((..((((.(((.........))).))))..))))..,TGCTCCAGATAACTCTCTTTCCTTGAGCTGTTGTGAGCTT
